source_file,property_number,date,line_item,amount
Feb. 2026 Owner Financials - EXR Chattanooga.xlsx,7214,Feb 2025,Rental Income (4000),62702.24
Feb. 2026 Owner Financials - EXR Chattanooga.xlsx,7214,Mar 2025,Rental Income (4000),64962.77
Feb. 2026 Owner Financials - EXR Chattanooga.xlsx,7214,Apr 2025,Rental Income (4000),67549.46
Feb. 2026 Owner Financials - EXR Chattanooga.xlsx,7214,May 2025,Rental Income (4000),69671.46
Feb. 2026 Owner Financials - EXR Chattanooga.xlsx,7214,Jun 2025,Rental Income (4000),72290.71
Feb. 2026 Owner Financials - EXR Chattanooga.xlsx,7214,Jul 2025,Rental Income (4000),75511.36
Feb. 2026 Owner Financials - EXR Chattanooga.xlsx,7214,Aug 2025,Rental Income (4000),77391.06
Feb. 2026 Owner Financials - EXR Chattanooga.xlsx,7214,Sep 2025,Rental Income (4000),76194.3
Feb. 2026 Owner Financials - EXR Chattanooga.xlsx,7214,Oct 2025,Rental Income (4000),77868.55
Feb. 2026 Owner Financials - EXR Chattanooga.xlsx,7214,Nov 2025,Rental Income (4000),78009.87
Feb. 2026 Owner Financials - EXR Chattanooga.xlsx,7214,Dec 2025,Rental Income (4000),77943.24
Feb. 2026 Owner Financials - EXR Chattanooga.xlsx,7214,Jan 2026,Rental Income (4000),80353.07
Feb. 2026 Owner Financials - EXR Chattanooga.xlsx,7214,Feb 2026,Rental Income (4000),81955.91
Feb. 2026 Owner Financials - EXR Chattanooga.xlsx,7214,Feb 2025,Rental Refunds (4090),-165
Feb. 2026 Owner Financials - EXR Chattanooga.xlsx,7214,Mar 2025,Rental Refunds (4090),0
Feb. 2026 Owner Financials - EXR Chattanooga.xlsx,7214,Apr 2025,Rental Refunds (4090),0
Feb. 2026 Owner Financials - EXR Chattanooga.xlsx,7214,May 2025,Rental Refunds (4090),-222.08
Feb. 2026 Owner Financials - EXR Chattanooga.xlsx,7214,Jun 2025,Rental Refunds (4090),0
Feb. 2026 Owner Financials - EXR Chattanooga.xlsx,7214,Jul 2025,Rental Refunds (4090),0
Feb. 2026 Owner Financials - EXR Chattanooga.xlsx,7214,Aug 2025,Rental Refunds (4090),0
Feb. 2026 Owner Financials - EXR Chattanooga.xlsx,7214,Sep 2025,Rental Refunds (4090),0
Feb. 2026 Owner Financials - EXR Chattanooga.xlsx,7214,Oct 2025,Rental Refunds (4090),0
Feb. 2026 Owner Financials - EXR Chattanooga.xlsx,7214,Nov 2025,Rental Refunds (4090),0
Feb. 2026 Owner Financials - EXR Chattanooga.xlsx,7214,Dec 2025,Rental Refunds (4090),0
Feb. 2026 Owner Financials - EXR Chattanooga.xlsx,7214,Jan 2026,Rental Refunds (4090),0
Feb. 2026 Owner Financials - EXR Chattanooga.xlsx,7214,Feb 2026,Rental Refunds (4090),-155
Feb. 2026 Owner Financials - EXR Chattanooga.xlsx,7214,Feb 2025,Discounts Charged (4250),-349.75
Feb. 2026 Owner Financials - EXR Chattanooga.xlsx,7214,Mar 2025,Discounts Charged (4250),-573.64
Feb. 2026 Owner Financials - EXR Chattanooga.xlsx,7214,Apr 2025,Discounts Charged (4250),-424.2
Feb. 2026 Owner Financials - EXR Chattanooga.xlsx,7214,May 2025,Discounts Charged (4250),-566.14
Feb. 2026 Owner Financials - EXR Chattanooga.xlsx,7214,Jun 2025,Discounts Charged (4250),-642.91
Feb. 2026 Owner Financials - EXR Chattanooga.xlsx,7214,Jul 2025,Discounts Charged (4250),-978.27
Feb. 2026 Owner Financials - EXR Chattanooga.xlsx,7214,Aug 2025,Discounts Charged (4250),-215.82
Feb. 2026 Owner Financials - EXR Chattanooga.xlsx,7214,Sep 2025,Discounts Charged (4250),-351.89
Feb. 2026 Owner Financials - EXR Chattanooga.xlsx,7214,Oct 2025,Discounts Charged (4250),-1567.91
Feb. 2026 Owner Financials - EXR Chattanooga.xlsx,7214,Nov 2025,Discounts Charged (4250),-796.92
Feb. 2026 Owner Financials - EXR Chattanooga.xlsx,7214,Dec 2025,Discounts Charged (4250),-298.22
Feb. 2026 Owner Financials - EXR Chattanooga.xlsx,7214,Jan 2026,Discounts Charged (4250),-255.77
Feb. 2026 Owner Financials - EXR Chattanooga.xlsx,7214,Feb 2026,Discounts Charged (4250),-547.03
Feb. 2026 Owner Financials - EXR Chattanooga.xlsx,7214,Feb 2025,Bad Debt Expense (4990),-352.81
Feb. 2026 Owner Financials - EXR Chattanooga.xlsx,7214,Mar 2025,Bad Debt Expense (4990),-350
Feb. 2026 Owner Financials - EXR Chattanooga.xlsx,7214,Apr 2025,Bad Debt Expense (4990),-250.66
Feb. 2026 Owner Financials - EXR Chattanooga.xlsx,7214,May 2025,Bad Debt Expense (4990),-1146.96
Feb. 2026 Owner Financials - EXR Chattanooga.xlsx,7214,Jun 2025,Bad Debt Expense (4990),-287.5
Feb. 2026 Owner Financials - EXR Chattanooga.xlsx,7214,Jul 2025,Bad Debt Expense (4990),-280.9
Feb. 2026 Owner Financials - EXR Chattanooga.xlsx,7214,Aug 2025,Bad Debt Expense (4990),-757.32
Feb. 2026 Owner Financials - EXR Chattanooga.xlsx,7214,Sep 2025,Bad Debt Expense (4990),-260.2
Feb. 2026 Owner Financials - EXR Chattanooga.xlsx,7214,Oct 2025,Bad Debt Expense (4990),-129.5
Feb. 2026 Owner Financials - EXR Chattanooga.xlsx,7214,Nov 2025,Bad Debt Expense (4990),-908.5
Feb. 2026 Owner Financials - EXR Chattanooga.xlsx,7214,Dec 2025,Bad Debt Expense (4990),-1141.64
Feb. 2026 Owner Financials - EXR Chattanooga.xlsx,7214,Jan 2026,Bad Debt Expense (4990),-1055.8
Feb. 2026 Owner Financials - EXR Chattanooga.xlsx,7214,Feb 2026,Bad Debt Expense (4990),-292.8
Feb. 2026 Owner Financials - EXR Chattanooga.xlsx,7214,Feb 2025,NRI,61834.68
Feb. 2026 Owner Financials - EXR Chattanooga.xlsx,7214,Mar 2025,NRI,64039.13
Feb. 2026 Owner Financials - EXR Chattanooga.xlsx,7214,Apr 2025,NRI,66874.6
Feb. 2026 Owner Financials - EXR Chattanooga.xlsx,7214,May 2025,NRI,67736.28
Feb. 2026 Owner Financials - EXR Chattanooga.xlsx,7214,Jun 2025,NRI,71360.3
Feb. 2026 Owner Financials - EXR Chattanooga.xlsx,7214,Jul 2025,NRI,74252.19
Feb. 2026 Owner Financials - EXR Chattanooga.xlsx,7214,Aug 2025,NRI,76417.92
Feb. 2026 Owner Financials - EXR Chattanooga.xlsx,7214,Sep 2025,NRI,75582.21
Feb. 2026 Owner Financials - EXR Chattanooga.xlsx,7214,Oct 2025,NRI,76171.14
Feb. 2026 Owner Financials - EXR Chattanooga.xlsx,7214,Nov 2025,NRI,76304.45
Feb. 2026 Owner Financials - EXR Chattanooga.xlsx,7214,Dec 2025,NRI,76503.38
Feb. 2026 Owner Financials - EXR Chattanooga.xlsx,7214,Jan 2026,NRI,79041.5
Feb. 2026 Owner Financials - EXR Chattanooga.xlsx,7214,Feb 2026,NRI,80961.08
Feb. 2026 Owner Financials - EXR Chattanooga.xlsx,7214,Feb 2025,Administrative Fees (4310),1392
Feb. 2026 Owner Financials - EXR Chattanooga.xlsx,7214,Mar 2025,Administrative Fees (4310),1044
Feb. 2026 Owner Financials - EXR Chattanooga.xlsx,7214,Apr 2025,Administrative Fees (4310),667
Feb. 2026 Owner Financials - EXR Chattanooga.xlsx,7214,May 2025,Administrative Fees (4310),928
Feb. 2026 Owner Financials - EXR Chattanooga.xlsx,7214,Jun 2025,Administrative Fees (4310),841
Feb. 2026 Owner Financials - EXR Chattanooga.xlsx,7214,Jul 2025,Administrative Fees (4310),1044
Feb. 2026 Owner Financials - EXR Chattanooga.xlsx,7214,Aug 2025,Administrative Fees (4310),1102
Feb. 2026 Owner Financials - EXR Chattanooga.xlsx,7214,Sep 2025,Administrative Fees (4310),725
Feb. 2026 Owner Financials - EXR Chattanooga.xlsx,7214,Oct 2025,Administrative Fees (4310),1131
Feb. 2026 Owner Financials - EXR Chattanooga.xlsx,7214,Nov 2025,Administrative Fees (4310),609
Feb. 2026 Owner Financials - EXR Chattanooga.xlsx,7214,Dec 2025,Administrative Fees (4310),725
Feb. 2026 Owner Financials - EXR Chattanooga.xlsx,7214,Jan 2026,Administrative Fees (4310),812
Feb. 2026 Owner Financials - EXR Chattanooga.xlsx,7214,Feb 2026,Administrative Fees (4310),783
Feb. 2026 Owner Financials - EXR Chattanooga.xlsx,7214,Feb 2025,Admin Fees,1392
Feb. 2026 Owner Financials - EXR Chattanooga.xlsx,7214,Mar 2025,Admin Fees,1044
Feb. 2026 Owner Financials - EXR Chattanooga.xlsx,7214,Apr 2025,Admin Fees,667
Feb. 2026 Owner Financials - EXR Chattanooga.xlsx,7214,May 2025,Admin Fees,928
Feb. 2026 Owner Financials - EXR Chattanooga.xlsx,7214,Jun 2025,Admin Fees,841
Feb. 2026 Owner Financials - EXR Chattanooga.xlsx,7214,Jul 2025,Admin Fees,1044
Feb. 2026 Owner Financials - EXR Chattanooga.xlsx,7214,Aug 2025,Admin Fees,1102
Feb. 2026 Owner Financials - EXR Chattanooga.xlsx,7214,Sep 2025,Admin Fees,725
Feb. 2026 Owner Financials - EXR Chattanooga.xlsx,7214,Oct 2025,Admin Fees,1131
Feb. 2026 Owner Financials - EXR Chattanooga.xlsx,7214,Nov 2025,Admin Fees,609
Feb. 2026 Owner Financials - EXR Chattanooga.xlsx,7214,Dec 2025,Admin Fees,725
Feb. 2026 Owner Financials - EXR Chattanooga.xlsx,7214,Jan 2026,Admin Fees,812
Feb. 2026 Owner Financials - EXR Chattanooga.xlsx,7214,Feb 2026,Admin Fees,783
Feb. 2026 Owner Financials - EXR Chattanooga.xlsx,7214,Feb 2025,Late Fees (4300),947.2
Feb. 2026 Owner Financials - EXR Chattanooga.xlsx,7214,Mar 2025,Late Fees (4300),1620.8
Feb. 2026 Owner Financials - EXR Chattanooga.xlsx,7214,Apr 2025,Late Fees (4300),1079.4
Feb. 2026 Owner Financials - EXR Chattanooga.xlsx,7214,May 2025,Late Fees (4300),1085.4
Feb. 2026 Owner Financials - EXR Chattanooga.xlsx,7214,Jun 2025,Late Fees (4300),1896
Feb. 2026 Owner Financials - EXR Chattanooga.xlsx,7214,Jul 2025,Late Fees (4300),956.2
Feb. 2026 Owner Financials - EXR Chattanooga.xlsx,7214,Aug 2025,Late Fees (4300),975.4
Feb. 2026 Owner Financials - EXR Chattanooga.xlsx,7214,Sep 2025,Late Fees (4300),912.2
Feb. 2026 Owner Financials - EXR Chattanooga.xlsx,7214,Oct 2025,Late Fees (4300),1029.6
Feb. 2026 Owner Financials - EXR Chattanooga.xlsx,7214,Nov 2025,Late Fees (4300),1177.4
Feb. 2026 Owner Financials - EXR Chattanooga.xlsx,7214,Dec 2025,Late Fees (4300),1241.6
Feb. 2026 Owner Financials - EXR Chattanooga.xlsx,7214,Jan 2026,Late Fees (4300),912.8
Feb. 2026 Owner Financials - EXR Chattanooga.xlsx,7214,Feb 2026,Late Fees (4300),943.4
Feb. 2026 Owner Financials - EXR Chattanooga.xlsx,7214,Feb 2025,Late Fees Waived (4350),0
Feb. 2026 Owner Financials - EXR Chattanooga.xlsx,7214,Mar 2025,Late Fees Waived (4350),-152.2
Feb. 2026 Owner Financials - EXR Chattanooga.xlsx,7214,Apr 2025,Late Fees Waived (4350),-75
Feb. 2026 Owner Financials - EXR Chattanooga.xlsx,7214,May 2025,Late Fees Waived (4350),0
Feb. 2026 Owner Financials - EXR Chattanooga.xlsx,7214,Jun 2025,Late Fees Waived (4350),0
Feb. 2026 Owner Financials - EXR Chattanooga.xlsx,7214,Jul 2025,Late Fees Waived (4350),0
Feb. 2026 Owner Financials - EXR Chattanooga.xlsx,7214,Aug 2025,Late Fees Waived (4350),-23.4
Feb. 2026 Owner Financials - EXR Chattanooga.xlsx,7214,Sep 2025,Late Fees Waived (4350),-74
Feb. 2026 Owner Financials - EXR Chattanooga.xlsx,7214,Oct 2025,Late Fees Waived (4350),-84
Feb. 2026 Owner Financials - EXR Chattanooga.xlsx,7214,Nov 2025,Late Fees Waived (4350),-20
Feb. 2026 Owner Financials - EXR Chattanooga.xlsx,7214,Dec 2025,Late Fees Waived (4350),-175.4
Feb. 2026 Owner Financials - EXR Chattanooga.xlsx,7214,Jan 2026,Late Fees Waived (4350),0
Feb. 2026 Owner Financials - EXR Chattanooga.xlsx,7214,Feb 2026,Late Fees Waived (4350),0
Feb. 2026 Owner Financials - EXR Chattanooga.xlsx,7214,Feb 2025,Late Fees,947.2
Feb. 2026 Owner Financials - EXR Chattanooga.xlsx,7214,Mar 2025,Late Fees,1468.6
Feb. 2026 Owner Financials - EXR Chattanooga.xlsx,7214,Apr 2025,Late Fees,1004.4
Feb. 2026 Owner Financials - EXR Chattanooga.xlsx,7214,May 2025,Late Fees,1085.4
Feb. 2026 Owner Financials - EXR Chattanooga.xlsx,7214,Jun 2025,Late Fees,1896
Feb. 2026 Owner Financials - EXR Chattanooga.xlsx,7214,Jul 2025,Late Fees,956.2
Feb. 2026 Owner Financials - EXR Chattanooga.xlsx,7214,Aug 2025,Late Fees,952
Feb. 2026 Owner Financials - EXR Chattanooga.xlsx,7214,Sep 2025,Late Fees,838.2
Feb. 2026 Owner Financials - EXR Chattanooga.xlsx,7214,Oct 2025,Late Fees,945.6
Feb. 2026 Owner Financials - EXR Chattanooga.xlsx,7214,Nov 2025,Late Fees,1157.4
Feb. 2026 Owner Financials - EXR Chattanooga.xlsx,7214,Dec 2025,Late Fees,1066.2
Feb. 2026 Owner Financials - EXR Chattanooga.xlsx,7214,Jan 2026,Late Fees,912.8
Feb. 2026 Owner Financials - EXR Chattanooga.xlsx,7214,Feb 2026,Late Fees,943.4
Feb. 2026 Owner Financials - EXR Chattanooga.xlsx,7214,Feb 2025,Other Fees (4305),31
Feb. 2026 Owner Financials - EXR Chattanooga.xlsx,7214,Mar 2025,Other Fees (4305),32
Feb. 2026 Owner Financials - EXR Chattanooga.xlsx,7214,Apr 2025,Other Fees (4305),52
Feb. 2026 Owner Financials - EXR Chattanooga.xlsx,7214,May 2025,Other Fees (4305),22
Feb. 2026 Owner Financials - EXR Chattanooga.xlsx,7214,Jun 2025,Other Fees (4305),21
Feb. 2026 Owner Financials - EXR Chattanooga.xlsx,7214,Jul 2025,Other Fees (4305),22
Feb. 2026 Owner Financials - EXR Chattanooga.xlsx,7214,Aug 2025,Other Fees (4305),61
Feb. 2026 Owner Financials - EXR Chattanooga.xlsx,7214,Sep 2025,Other Fees (4305),51
Feb. 2026 Owner Financials - EXR Chattanooga.xlsx,7214,Oct 2025,Other Fees (4305),31
Feb. 2026 Owner Financials - EXR Chattanooga.xlsx,7214,Nov 2025,Other Fees (4305),121
Feb. 2026 Owner Financials - EXR Chattanooga.xlsx,7214,Dec 2025,Other Fees (4305),31
Feb. 2026 Owner Financials - EXR Chattanooga.xlsx,7214,Jan 2026,Other Fees (4305),21
Feb. 2026 Owner Financials - EXR Chattanooga.xlsx,7214,Feb 2026,Other Fees (4305),72
Feb. 2026 Owner Financials - EXR Chattanooga.xlsx,7214,Feb 2025,Other Fees Waived (4355),-10
Feb. 2026 Owner Financials - EXR Chattanooga.xlsx,7214,Mar 2025,Other Fees Waived (4355),0
Feb. 2026 Owner Financials - EXR Chattanooga.xlsx,7214,Apr 2025,Other Fees Waived (4355),-20
Feb. 2026 Owner Financials - EXR Chattanooga.xlsx,7214,May 2025,Other Fees Waived (4355),-10
Feb. 2026 Owner Financials - EXR Chattanooga.xlsx,7214,Jun 2025,Other Fees Waived (4355),0
Feb. 2026 Owner Financials - EXR Chattanooga.xlsx,7214,Jul 2025,Other Fees Waived (4355),0
Feb. 2026 Owner Financials - EXR Chattanooga.xlsx,7214,Aug 2025,Other Fees Waived (4355),-10
Feb. 2026 Owner Financials - EXR Chattanooga.xlsx,7214,Sep 2025,Other Fees Waived (4355),-10
Feb. 2026 Owner Financials - EXR Chattanooga.xlsx,7214,Oct 2025,Other Fees Waived (4355),0
Feb. 2026 Owner Financials - EXR Chattanooga.xlsx,7214,Nov 2025,Other Fees Waived (4355),0
Feb. 2026 Owner Financials - EXR Chattanooga.xlsx,7214,Dec 2025,Other Fees Waived (4355),0
Feb. 2026 Owner Financials - EXR Chattanooga.xlsx,7214,Jan 2026,Other Fees Waived (4355),0
Feb. 2026 Owner Financials - EXR Chattanooga.xlsx,7214,Feb 2026,Other Fees Waived (4355),-10
Feb. 2026 Owner Financials - EXR Chattanooga.xlsx,7214,Feb 2025,Other Fees,21
Feb. 2026 Owner Financials - EXR Chattanooga.xlsx,7214,Mar 2025,Other Fees,32
Feb. 2026 Owner Financials - EXR Chattanooga.xlsx,7214,Apr 2025,Other Fees,32
Feb. 2026 Owner Financials - EXR Chattanooga.xlsx,7214,May 2025,Other Fees,12
Feb. 2026 Owner Financials - EXR Chattanooga.xlsx,7214,Jun 2025,Other Fees,21
Feb. 2026 Owner Financials - EXR Chattanooga.xlsx,7214,Jul 2025,Other Fees,22
Feb. 2026 Owner Financials - EXR Chattanooga.xlsx,7214,Aug 2025,Other Fees,51
Feb. 2026 Owner Financials - EXR Chattanooga.xlsx,7214,Sep 2025,Other Fees,41
Feb. 2026 Owner Financials - EXR Chattanooga.xlsx,7214,Oct 2025,Other Fees,31
Feb. 2026 Owner Financials - EXR Chattanooga.xlsx,7214,Nov 2025,Other Fees,121
Feb. 2026 Owner Financials - EXR Chattanooga.xlsx,7214,Dec 2025,Other Fees,31
Feb. 2026 Owner Financials - EXR Chattanooga.xlsx,7214,Jan 2026,Other Fees,21
Feb. 2026 Owner Financials - EXR Chattanooga.xlsx,7214,Feb 2026,Other Fees,62
Feb. 2026 Owner Financials - EXR Chattanooga.xlsx,7214,Feb 2025,Merchandise Sales (4320),94.16
Feb. 2026 Owner Financials - EXR Chattanooga.xlsx,7214,Mar 2025,Merchandise Sales (4320),0
Feb. 2026 Owner Financials - EXR Chattanooga.xlsx,7214,Apr 2025,Merchandise Sales (4320),82.02
Feb. 2026 Owner Financials - EXR Chattanooga.xlsx,7214,May 2025,Merchandise Sales (4320),20.98
Feb. 2026 Owner Financials - EXR Chattanooga.xlsx,7214,Jun 2025,Merchandise Sales (4320),165.02
Feb. 2026 Owner Financials - EXR Chattanooga.xlsx,7214,Jul 2025,Merchandise Sales (4320),94.55
Feb. 2026 Owner Financials - EXR Chattanooga.xlsx,7214,Aug 2025,Merchandise Sales (4320),34.56
Feb. 2026 Owner Financials - EXR Chattanooga.xlsx,7214,Sep 2025,Merchandise Sales (4320),14.69
Feb. 2026 Owner Financials - EXR Chattanooga.xlsx,7214,Oct 2025,Merchandise Sales (4320),159.42
Feb. 2026 Owner Financials - EXR Chattanooga.xlsx,7214,Nov 2025,Merchandise Sales (4320),137.7
Feb. 2026 Owner Financials - EXR Chattanooga.xlsx,7214,Dec 2025,Merchandise Sales (4320),0
Feb. 2026 Owner Financials - EXR Chattanooga.xlsx,7214,Jan 2026,Merchandise Sales (4320),15.99
Feb. 2026 Owner Financials - EXR Chattanooga.xlsx,7214,Feb 2026,Merchandise Sales (4320),30.58
Feb. 2026 Owner Financials - EXR Chattanooga.xlsx,7214,Feb 2025,Lock & Pack,94.16
Feb. 2026 Owner Financials - EXR Chattanooga.xlsx,7214,Mar 2025,Lock & Pack,0
Feb. 2026 Owner Financials - EXR Chattanooga.xlsx,7214,Apr 2025,Lock & Pack,82.02
Feb. 2026 Owner Financials - EXR Chattanooga.xlsx,7214,May 2025,Lock & Pack,20.98
Feb. 2026 Owner Financials - EXR Chattanooga.xlsx,7214,Jun 2025,Lock & Pack,165.02
Feb. 2026 Owner Financials - EXR Chattanooga.xlsx,7214,Jul 2025,Lock & Pack,94.55
Feb. 2026 Owner Financials - EXR Chattanooga.xlsx,7214,Aug 2025,Lock & Pack,34.56
Feb. 2026 Owner Financials - EXR Chattanooga.xlsx,7214,Sep 2025,Lock & Pack,14.69
Feb. 2026 Owner Financials - EXR Chattanooga.xlsx,7214,Oct 2025,Lock & Pack,159.42
Feb. 2026 Owner Financials - EXR Chattanooga.xlsx,7214,Nov 2025,Lock & Pack,137.7
Feb. 2026 Owner Financials - EXR Chattanooga.xlsx,7214,Dec 2025,Lock & Pack,0
Feb. 2026 Owner Financials - EXR Chattanooga.xlsx,7214,Jan 2026,Lock & Pack,15.99
Feb. 2026 Owner Financials - EXR Chattanooga.xlsx,7214,Feb 2026,Lock & Pack,30.58
Feb. 2026 Owner Financials - EXR Chattanooga.xlsx,7214,Feb 2025,Other Income (4980),0
Feb. 2026 Owner Financials - EXR Chattanooga.xlsx,7214,Mar 2025,Other Income (4980),0
Feb. 2026 Owner Financials - EXR Chattanooga.xlsx,7214,Apr 2025,Other Income (4980),0
Feb. 2026 Owner Financials - EXR Chattanooga.xlsx,7214,May 2025,Other Income (4980),0
Feb. 2026 Owner Financials - EXR Chattanooga.xlsx,7214,Jun 2025,Other Income (4980),0
Feb. 2026 Owner Financials - EXR Chattanooga.xlsx,7214,Jul 2025,Other Income (4980),0
Feb. 2026 Owner Financials - EXR Chattanooga.xlsx,7214,Aug 2025,Other Income (4980),65.55
Feb. 2026 Owner Financials - EXR Chattanooga.xlsx,7214,Sep 2025,Other Income (4980),0
Feb. 2026 Owner Financials - EXR Chattanooga.xlsx,7214,Oct 2025,Other Income (4980),0
Feb. 2026 Owner Financials - EXR Chattanooga.xlsx,7214,Nov 2025,Other Income (4980),0
Feb. 2026 Owner Financials - EXR Chattanooga.xlsx,7214,Dec 2025,Other Income (4980),0
Feb. 2026 Owner Financials - EXR Chattanooga.xlsx,7214,Jan 2026,Other Income (4980),0
Feb. 2026 Owner Financials - EXR Chattanooga.xlsx,7214,Feb 2026,Other Income (4980),0
Feb. 2026 Owner Financials - EXR Chattanooga.xlsx,7214,Feb 2025,Revenue - Property,64289.04
Feb. 2026 Owner Financials - EXR Chattanooga.xlsx,7214,Mar 2025,Revenue - Property,66583.73
Feb. 2026 Owner Financials - EXR Chattanooga.xlsx,7214,Apr 2025,Revenue - Property,68660.02
Feb. 2026 Owner Financials - EXR Chattanooga.xlsx,7214,May 2025,Revenue - Property,69782.66
Feb. 2026 Owner Financials - EXR Chattanooga.xlsx,7214,Jun 2025,Revenue - Property,74283.32
Feb. 2026 Owner Financials - EXR Chattanooga.xlsx,7214,Jul 2025,Revenue - Property,76368.94
Feb. 2026 Owner Financials - EXR Chattanooga.xlsx,7214,Aug 2025,Revenue - Property,78623.03
Feb. 2026 Owner Financials - EXR Chattanooga.xlsx,7214,Sep 2025,Revenue - Property,77201.1
Feb. 2026 Owner Financials - EXR Chattanooga.xlsx,7214,Oct 2025,Revenue - Property,78438.16
Feb. 2026 Owner Financials - EXR Chattanooga.xlsx,7214,Nov 2025,Revenue - Property,78329.55
Feb. 2026 Owner Financials - EXR Chattanooga.xlsx,7214,Dec 2025,Revenue - Property,78325.58
Feb. 2026 Owner Financials - EXR Chattanooga.xlsx,7214,Jan 2026,Revenue - Property,80803.29
Feb. 2026 Owner Financials - EXR Chattanooga.xlsx,7214,Feb 2026,Revenue - Property,82780.06
Feb. 2026 Owner Financials - EXR Chattanooga.xlsx,7214,Feb 2025,Manager Payroll (5000),4021.46
Feb. 2026 Owner Financials - EXR Chattanooga.xlsx,7214,Mar 2025,Manager Payroll (5000),4451.88
Feb. 2026 Owner Financials - EXR Chattanooga.xlsx,7214,Apr 2025,Manager Payroll (5000),6639.27
Feb. 2026 Owner Financials - EXR Chattanooga.xlsx,7214,May 2025,Manager Payroll (5000),4404.51
Feb. 2026 Owner Financials - EXR Chattanooga.xlsx,7214,Jun 2025,Manager Payroll (5000),4206.91
Feb. 2026 Owner Financials - EXR Chattanooga.xlsx,7214,Jul 2025,Manager Payroll (5000),5480.86
Feb. 2026 Owner Financials - EXR Chattanooga.xlsx,7214,Aug 2025,Manager Payroll (5000),3825.66
Feb. 2026 Owner Financials - EXR Chattanooga.xlsx,7214,Sep 2025,Manager Payroll (5000),4022.54
Feb. 2026 Owner Financials - EXR Chattanooga.xlsx,7214,Oct 2025,Manager Payroll (5000),5271.23
Feb. 2026 Owner Financials - EXR Chattanooga.xlsx,7214,Nov 2025,Manager Payroll (5000),4173.09
Feb. 2026 Owner Financials - EXR Chattanooga.xlsx,7214,Dec 2025,Manager Payroll (5000),4462.02
Feb. 2026 Owner Financials - EXR Chattanooga.xlsx,7214,Jan 2026,Manager Payroll (5000),4747.43
Feb. 2026 Owner Financials - EXR Chattanooga.xlsx,7214,Feb 2026,Manager Payroll (5000),3603.05
Feb. 2026 Owner Financials - EXR Chattanooga.xlsx,7214,Feb 2025,Overtime (5005),48.24
Feb. 2026 Owner Financials - EXR Chattanooga.xlsx,7214,Mar 2025,Overtime (5005),34.65
Feb. 2026 Owner Financials - EXR Chattanooga.xlsx,7214,Apr 2025,Overtime (5005),144.55
Feb. 2026 Owner Financials - EXR Chattanooga.xlsx,7214,May 2025,Overtime (5005),78.67
Feb. 2026 Owner Financials - EXR Chattanooga.xlsx,7214,Jun 2025,Overtime (5005),73.95
Feb. 2026 Owner Financials - EXR Chattanooga.xlsx,7214,Jul 2025,Overtime (5005),65.48
Feb. 2026 Owner Financials - EXR Chattanooga.xlsx,7214,Aug 2025,Overtime (5005),167.28
Feb. 2026 Owner Financials - EXR Chattanooga.xlsx,7214,Sep 2025,Overtime (5005),344.29
Feb. 2026 Owner Financials - EXR Chattanooga.xlsx,7214,Oct 2025,Overtime (5005),28.64
Feb. 2026 Owner Financials - EXR Chattanooga.xlsx,7214,Nov 2025,Overtime (5005),80.99
Feb. 2026 Owner Financials - EXR Chattanooga.xlsx,7214,Dec 2025,Overtime (5005),58.03
Feb. 2026 Owner Financials - EXR Chattanooga.xlsx,7214,Jan 2026,Overtime (5005),44.55
Feb. 2026 Owner Financials - EXR Chattanooga.xlsx,7214,Feb 2026,Overtime (5005),-8.85
Feb. 2026 Owner Financials - EXR Chattanooga.xlsx,7214,Feb 2025,Vacation & Personal Leave (5010),241.21
Feb. 2026 Owner Financials - EXR Chattanooga.xlsx,7214,Mar 2025,Vacation & Personal Leave (5010),236.3
Feb. 2026 Owner Financials - EXR Chattanooga.xlsx,7214,Apr 2025,Vacation & Personal Leave (5010),314.73
Feb. 2026 Owner Financials - EXR Chattanooga.xlsx,7214,May 2025,Vacation & Personal Leave (5010),331.33
Feb. 2026 Owner Financials - EXR Chattanooga.xlsx,7214,Jun 2025,Vacation & Personal Leave (5010),239.01
Feb. 2026 Owner Financials - EXR Chattanooga.xlsx,7214,Jul 2025,Vacation & Personal Leave (5010),274.99
Feb. 2026 Owner Financials - EXR Chattanooga.xlsx,7214,Aug 2025,Vacation & Personal Leave (5010),142.74
Feb. 2026 Owner Financials - EXR Chattanooga.xlsx,7214,Sep 2025,Vacation & Personal Leave (5010),137.01
Feb. 2026 Owner Financials - EXR Chattanooga.xlsx,7214,Oct 2025,Vacation & Personal Leave (5010),189.93
Feb. 2026 Owner Financials - EXR Chattanooga.xlsx,7214,Nov 2025,Vacation & Personal Leave (5010),246.68
Feb. 2026 Owner Financials - EXR Chattanooga.xlsx,7214,Dec 2025,Vacation & Personal Leave (5010),152.31
Feb. 2026 Owner Financials - EXR Chattanooga.xlsx,7214,Jan 2026,Vacation & Personal Leave (5010),222.17
Feb. 2026 Owner Financials - EXR Chattanooga.xlsx,7214,Feb 2026,Vacation & Personal Leave (5010),96.81
Feb. 2026 Owner Financials - EXR Chattanooga.xlsx,7214,Feb 2025,Performance Bonus (5030),0
Feb. 2026 Owner Financials - EXR Chattanooga.xlsx,7214,Mar 2025,Performance Bonus (5030),0
Feb. 2026 Owner Financials - EXR Chattanooga.xlsx,7214,Apr 2025,Performance Bonus (5030),0
Feb. 2026 Owner Financials - EXR Chattanooga.xlsx,7214,May 2025,Performance Bonus (5030),0
Feb. 2026 Owner Financials - EXR Chattanooga.xlsx,7214,Jun 2025,Performance Bonus (5030),0
Feb. 2026 Owner Financials - EXR Chattanooga.xlsx,7214,Jul 2025,Performance Bonus (5030),0
Feb. 2026 Owner Financials - EXR Chattanooga.xlsx,7214,Aug 2025,Performance Bonus (5030),0
Feb. 2026 Owner Financials - EXR Chattanooga.xlsx,7214,Sep 2025,Performance Bonus (5030),0
Feb. 2026 Owner Financials - EXR Chattanooga.xlsx,7214,Oct 2025,Performance Bonus (5030),0
Feb. 2026 Owner Financials - EXR Chattanooga.xlsx,7214,Nov 2025,Performance Bonus (5030),0
Feb. 2026 Owner Financials - EXR Chattanooga.xlsx,7214,Dec 2025,Performance Bonus (5030),300
Feb. 2026 Owner Financials - EXR Chattanooga.xlsx,7214,Jan 2026,Performance Bonus (5030),0
Feb. 2026 Owner Financials - EXR Chattanooga.xlsx,7214,Feb 2026,Performance Bonus (5030),0
Feb. 2026 Owner Financials - EXR Chattanooga.xlsx,7214,Feb 2025,401K Match (5035),0
Feb. 2026 Owner Financials - EXR Chattanooga.xlsx,7214,Mar 2025,401K Match (5035),0
Feb. 2026 Owner Financials - EXR Chattanooga.xlsx,7214,Apr 2025,401K Match (5035),0
Feb. 2026 Owner Financials - EXR Chattanooga.xlsx,7214,May 2025,401K Match (5035),4.85
Feb. 2026 Owner Financials - EXR Chattanooga.xlsx,7214,Jun 2025,401K Match (5035),0.15
Feb. 2026 Owner Financials - EXR Chattanooga.xlsx,7214,Jul 2025,401K Match (5035),0
Feb. 2026 Owner Financials - EXR Chattanooga.xlsx,7214,Aug 2025,401K Match (5035),0
Feb. 2026 Owner Financials - EXR Chattanooga.xlsx,7214,Sep 2025,401K Match (5035),0
Feb. 2026 Owner Financials - EXR Chattanooga.xlsx,7214,Oct 2025,401K Match (5035),0
Feb. 2026 Owner Financials - EXR Chattanooga.xlsx,7214,Nov 2025,401K Match (5035),0
Feb. 2026 Owner Financials - EXR Chattanooga.xlsx,7214,Dec 2025,401K Match (5035),0
Feb. 2026 Owner Financials - EXR Chattanooga.xlsx,7214,Jan 2026,401K Match (5035),5.22
Feb. 2026 Owner Financials - EXR Chattanooga.xlsx,7214,Feb 2026,401K Match (5035),0
Feb. 2026 Owner Financials - EXR Chattanooga.xlsx,7214,Feb 2025,Employee Incentives (5050),387
Feb. 2026 Owner Financials - EXR Chattanooga.xlsx,7214,Mar 2025,Employee Incentives (5050),441
Feb. 2026 Owner Financials - EXR Chattanooga.xlsx,7214,Apr 2025,Employee Incentives (5050),324
Feb. 2026 Owner Financials - EXR Chattanooga.xlsx,7214,May 2025,Employee Incentives (5050),184
Feb. 2026 Owner Financials - EXR Chattanooga.xlsx,7214,Jun 2025,Employee Incentives (5050),256
Feb. 2026 Owner Financials - EXR Chattanooga.xlsx,7214,Jul 2025,Employee Incentives (5050),232
Feb. 2026 Owner Financials - EXR Chattanooga.xlsx,7214,Aug 2025,Employee Incentives (5050),288
Feb. 2026 Owner Financials - EXR Chattanooga.xlsx,7214,Sep 2025,Employee Incentives (5050),304
Feb. 2026 Owner Financials - EXR Chattanooga.xlsx,7214,Oct 2025,Employee Incentives (5050),200
Feb. 2026 Owner Financials - EXR Chattanooga.xlsx,7214,Nov 2025,Employee Incentives (5050),351
Feb. 2026 Owner Financials - EXR Chattanooga.xlsx,7214,Dec 2025,Employee Incentives (5050),188.99
Feb. 2026 Owner Financials - EXR Chattanooga.xlsx,7214,Jan 2026,Employee Incentives (5050),0
Feb. 2026 Owner Financials - EXR Chattanooga.xlsx,7214,Feb 2026,Employee Incentives (5050),0
Feb. 2026 Owner Financials - EXR Chattanooga.xlsx,7214,Feb 2025,Workmans Compensation (5070),33.5
Feb. 2026 Owner Financials - EXR Chattanooga.xlsx,7214,Mar 2025,Workmans Compensation (5070),28.53
Feb. 2026 Owner Financials - EXR Chattanooga.xlsx,7214,Apr 2025,Workmans Compensation (5070),31.36
Feb. 2026 Owner Financials - EXR Chattanooga.xlsx,7214,May 2025,Workmans Compensation (5070),45.08
Feb. 2026 Owner Financials - EXR Chattanooga.xlsx,7214,Jun 2025,Workmans Compensation (5070),30.36
Feb. 2026 Owner Financials - EXR Chattanooga.xlsx,7214,Jul 2025,Workmans Compensation (5070),29.01
Feb. 2026 Owner Financials - EXR Chattanooga.xlsx,7214,Aug 2025,Workmans Compensation (5070),36.76
Feb. 2026 Owner Financials - EXR Chattanooga.xlsx,7214,Sep 2025,Workmans Compensation (5070),52.71
Feb. 2026 Owner Financials - EXR Chattanooga.xlsx,7214,Oct 2025,Workmans Compensation (5070),76.56
Feb. 2026 Owner Financials - EXR Chattanooga.xlsx,7214,Nov 2025,Workmans Compensation (5070),67.8
Feb. 2026 Owner Financials - EXR Chattanooga.xlsx,7214,Dec 2025,Workmans Compensation (5070),57.81
Feb. 2026 Owner Financials - EXR Chattanooga.xlsx,7214,Jan 2026,Workmans Compensation (5070),61.5
Feb. 2026 Owner Financials - EXR Chattanooga.xlsx,7214,Feb 2026,Workmans Compensation (5070),59.75
Feb. 2026 Owner Financials - EXR Chattanooga.xlsx,7214,Feb 2025,Group Health & Life Insurance (5080),490.44
Feb. 2026 Owner Financials - EXR Chattanooga.xlsx,7214,Mar 2025,Group Health & Life Insurance (5080),478.34
Feb. 2026 Owner Financials - EXR Chattanooga.xlsx,7214,Apr 2025,Group Health & Life Insurance (5080),503.3
Feb. 2026 Owner Financials - EXR Chattanooga.xlsx,7214,May 2025,Group Health & Life Insurance (5080),512.32
Feb. 2026 Owner Financials - EXR Chattanooga.xlsx,7214,Jun 2025,Group Health & Life Insurance (5080),591.55
Feb. 2026 Owner Financials - EXR Chattanooga.xlsx,7214,Jul 2025,Group Health & Life Insurance (5080),765.36
Feb. 2026 Owner Financials - EXR Chattanooga.xlsx,7214,Aug 2025,Group Health & Life Insurance (5080),797.62
Feb. 2026 Owner Financials - EXR Chattanooga.xlsx,7214,Sep 2025,Group Health & Life Insurance (5080),948.5
Feb. 2026 Owner Financials - EXR Chattanooga.xlsx,7214,Oct 2025,Group Health & Life Insurance (5080),1094.28
Feb. 2026 Owner Financials - EXR Chattanooga.xlsx,7214,Nov 2025,Group Health & Life Insurance (5080),873.61
Feb. 2026 Owner Financials - EXR Chattanooga.xlsx,7214,Dec 2025,Group Health & Life Insurance (5080),713.27
Feb. 2026 Owner Financials - EXR Chattanooga.xlsx,7214,Jan 2026,Group Health & Life Insurance (5080),526.46
Feb. 2026 Owner Financials - EXR Chattanooga.xlsx,7214,Feb 2026,Group Health & Life Insurance (5080),250.64
Feb. 2026 Owner Financials - EXR Chattanooga.xlsx,7214,Feb 2025,Payroll Tax (5090),364.18
Feb. 2026 Owner Financials - EXR Chattanooga.xlsx,7214,Mar 2025,Payroll Tax (5090),389.23
Feb. 2026 Owner Financials - EXR Chattanooga.xlsx,7214,Apr 2025,Payroll Tax (5090),634.18
Feb. 2026 Owner Financials - EXR Chattanooga.xlsx,7214,May 2025,Payroll Tax (5090),326.77
Feb. 2026 Owner Financials - EXR Chattanooga.xlsx,7214,Jun 2025,Payroll Tax (5090),344.41
Feb. 2026 Owner Financials - EXR Chattanooga.xlsx,7214,Jul 2025,Payroll Tax (5090),462.65
Feb. 2026 Owner Financials - EXR Chattanooga.xlsx,7214,Aug 2025,Payroll Tax (5090),346.78
Feb. 2026 Owner Financials - EXR Chattanooga.xlsx,7214,Sep 2025,Payroll Tax (5090),292.07
Feb. 2026 Owner Financials - EXR Chattanooga.xlsx,7214,Oct 2025,Payroll Tax (5090),532.03
Feb. 2026 Owner Financials - EXR Chattanooga.xlsx,7214,Nov 2025,Payroll Tax (5090),310.35
Feb. 2026 Owner Financials - EXR Chattanooga.xlsx,7214,Dec 2025,Payroll Tax (5090),430.38
Feb. 2026 Owner Financials - EXR Chattanooga.xlsx,7214,Jan 2026,Payroll Tax (5090),518.01
Feb. 2026 Owner Financials - EXR Chattanooga.xlsx,7214,Feb 2026,Payroll Tax (5090),310.2
Feb. 2026 Owner Financials - EXR Chattanooga.xlsx,7214,Feb 2025,Payroll,5586.03
Feb. 2026 Owner Financials - EXR Chattanooga.xlsx,7214,Mar 2025,Payroll,6059.93
Feb. 2026 Owner Financials - EXR Chattanooga.xlsx,7214,Apr 2025,Payroll,8591.39
Feb. 2026 Owner Financials - EXR Chattanooga.xlsx,7214,May 2025,Payroll,5887.53
Feb. 2026 Owner Financials - EXR Chattanooga.xlsx,7214,Jun 2025,Payroll,5742.34
Feb. 2026 Owner Financials - EXR Chattanooga.xlsx,7214,Jul 2025,Payroll,7310.35
Feb. 2026 Owner Financials - EXR Chattanooga.xlsx,7214,Aug 2025,Payroll,5604.84
Feb. 2026 Owner Financials - EXR Chattanooga.xlsx,7214,Sep 2025,Payroll,6101.12
Feb. 2026 Owner Financials - EXR Chattanooga.xlsx,7214,Oct 2025,Payroll,7392.67
Feb. 2026 Owner Financials - EXR Chattanooga.xlsx,7214,Nov 2025,Payroll,6103.52
Feb. 2026 Owner Financials - EXR Chattanooga.xlsx,7214,Dec 2025,Payroll,6362.81
Feb. 2026 Owner Financials - EXR Chattanooga.xlsx,7214,Jan 2026,Payroll,6125.34
Feb. 2026 Owner Financials - EXR Chattanooga.xlsx,7214,Feb 2026,Payroll,4311.6
Feb. 2026 Owner Financials - EXR Chattanooga.xlsx,7214,Feb 2025,Management Fee - ESMI (5100),2961.19
Feb. 2026 Owner Financials - EXR Chattanooga.xlsx,7214,Mar 2025,Management Fee - ESMI (5100),3480.32
Feb. 2026 Owner Financials - EXR Chattanooga.xlsx,7214,Apr 2025,Management Fee - ESMI (5100),3277.9
Feb. 2026 Owner Financials - EXR Chattanooga.xlsx,7214,May 2025,Management Fee - ESMI (5100),3356.12
Feb. 2026 Owner Financials - EXR Chattanooga.xlsx,7214,Jun 2025,Management Fee - ESMI (5100),3670.25
Feb. 2026 Owner Financials - EXR Chattanooga.xlsx,7214,Jul 2025,Management Fee - ESMI (5100),4009.83
Feb. 2026 Owner Financials - EXR Chattanooga.xlsx,7214,Aug 2025,Management Fee - ESMI (5100),4031.8
Feb. 2026 Owner Financials - EXR Chattanooga.xlsx,7214,Sep 2025,Management Fee - ESMI (5100),3676.95
Feb. 2026 Owner Financials - EXR Chattanooga.xlsx,7214,Oct 2025,Management Fee - ESMI (5100),3932.49
Feb. 2026 Owner Financials - EXR Chattanooga.xlsx,7214,Nov 2025,Management Fee - ESMI (5100),3803.5
Feb. 2026 Owner Financials - EXR Chattanooga.xlsx,7214,Dec 2025,Management Fee - ESMI (5100),4032.77
Feb. 2026 Owner Financials - EXR Chattanooga.xlsx,7214,Jan 2026,Management Fee - ESMI (5100),4318.12
Feb. 2026 Owner Financials - EXR Chattanooga.xlsx,7214,Feb 2026,Management Fee - ESMI (5100),3687.31
Feb. 2026 Owner Financials - EXR Chattanooga.xlsx,7214,Feb 2025,Management Fees,2961.19
Feb. 2026 Owner Financials - EXR Chattanooga.xlsx,7214,Mar 2025,Management Fees,3480.32
Feb. 2026 Owner Financials - EXR Chattanooga.xlsx,7214,Apr 2025,Management Fees,3277.9
Feb. 2026 Owner Financials - EXR Chattanooga.xlsx,7214,May 2025,Management Fees,3356.12
Feb. 2026 Owner Financials - EXR Chattanooga.xlsx,7214,Jun 2025,Management Fees,3670.25
Feb. 2026 Owner Financials - EXR Chattanooga.xlsx,7214,Jul 2025,Management Fees,4009.83
Feb. 2026 Owner Financials - EXR Chattanooga.xlsx,7214,Aug 2025,Management Fees,4031.8
Feb. 2026 Owner Financials - EXR Chattanooga.xlsx,7214,Sep 2025,Management Fees,3676.95
Feb. 2026 Owner Financials - EXR Chattanooga.xlsx,7214,Oct 2025,Management Fees,3932.49
Feb. 2026 Owner Financials - EXR Chattanooga.xlsx,7214,Nov 2025,Management Fees,3803.5
Feb. 2026 Owner Financials - EXR Chattanooga.xlsx,7214,Dec 2025,Management Fees,4032.77
Feb. 2026 Owner Financials - EXR Chattanooga.xlsx,7214,Jan 2026,Management Fees,4318.12
Feb. 2026 Owner Financials - EXR Chattanooga.xlsx,7214,Feb 2026,Management Fees,3687.31
Feb. 2026 Owner Financials - EXR Chattanooga.xlsx,7214,Feb 2025,Other Advertising (5210),399.9
Feb. 2026 Owner Financials - EXR Chattanooga.xlsx,7214,Mar 2025,Other Advertising (5210),0
Feb. 2026 Owner Financials - EXR Chattanooga.xlsx,7214,Apr 2025,Other Advertising (5210),268.45
Feb. 2026 Owner Financials - EXR Chattanooga.xlsx,7214,May 2025,Other Advertising (5210),0
Feb. 2026 Owner Financials - EXR Chattanooga.xlsx,7214,Jun 2025,Other Advertising (5210),0
Feb. 2026 Owner Financials - EXR Chattanooga.xlsx,7214,Jul 2025,Other Advertising (5210),899.8
Feb. 2026 Owner Financials - EXR Chattanooga.xlsx,7214,Aug 2025,Other Advertising (5210),185.5
Feb. 2026 Owner Financials - EXR Chattanooga.xlsx,7214,Sep 2025,Other Advertising (5210),68.05
Feb. 2026 Owner Financials - EXR Chattanooga.xlsx,7214,Oct 2025,Other Advertising (5210),0
Feb. 2026 Owner Financials - EXR Chattanooga.xlsx,7214,Nov 2025,Other Advertising (5210),119.7
Feb. 2026 Owner Financials - EXR Chattanooga.xlsx,7214,Dec 2025,Other Advertising (5210),396.9
Feb. 2026 Owner Financials - EXR Chattanooga.xlsx,7214,Jan 2026,Other Advertising (5210),210
Feb. 2026 Owner Financials - EXR Chattanooga.xlsx,7214,Feb 2026,Other Advertising (5210),462.3
Feb. 2026 Owner Financials - EXR Chattanooga.xlsx,7214,Feb 2025,Internet & Call Center (5220),2327.59
Feb. 2026 Owner Financials - EXR Chattanooga.xlsx,7214,Mar 2025,Internet & Call Center (5220),2089.15
Feb. 2026 Owner Financials - EXR Chattanooga.xlsx,7214,Apr 2025,Internet & Call Center (5220),1647.56
Feb. 2026 Owner Financials - EXR Chattanooga.xlsx,7214,May 2025,Internet & Call Center (5220),1870.49
Feb. 2026 Owner Financials - EXR Chattanooga.xlsx,7214,Jun 2025,Internet & Call Center (5220),2025.87
Feb. 2026 Owner Financials - EXR Chattanooga.xlsx,7214,Jul 2025,Internet & Call Center (5220),2403.55
Feb. 2026 Owner Financials - EXR Chattanooga.xlsx,7214,Aug 2025,Internet & Call Center (5220),2390.88
Feb. 2026 Owner Financials - EXR Chattanooga.xlsx,7214,Sep 2025,Internet & Call Center (5220),1877.3
Feb. 2026 Owner Financials - EXR Chattanooga.xlsx,7214,Oct 2025,Internet & Call Center (5220),2379.73
Feb. 2026 Owner Financials - EXR Chattanooga.xlsx,7214,Nov 2025,Internet & Call Center (5220),1638.42
Feb. 2026 Owner Financials - EXR Chattanooga.xlsx,7214,Dec 2025,Internet & Call Center (5220),1741.33
Feb. 2026 Owner Financials - EXR Chattanooga.xlsx,7214,Jan 2026,Internet & Call Center (5220),1635.51
Feb. 2026 Owner Financials - EXR Chattanooga.xlsx,7214,Feb 2026,Internet & Call Center (5220),1607.61
Feb. 2026 Owner Financials - EXR Chattanooga.xlsx,7214,Feb 2025,Marketing,2727.49
Feb. 2026 Owner Financials - EXR Chattanooga.xlsx,7214,Mar 2025,Marketing,2089.15
Feb. 2026 Owner Financials - EXR Chattanooga.xlsx,7214,Apr 2025,Marketing,1916.01
Feb. 2026 Owner Financials - EXR Chattanooga.xlsx,7214,May 2025,Marketing,1870.49
Feb. 2026 Owner Financials - EXR Chattanooga.xlsx,7214,Jun 2025,Marketing,2025.87
Feb. 2026 Owner Financials - EXR Chattanooga.xlsx,7214,Jul 2025,Marketing,3303.35
Feb. 2026 Owner Financials - EXR Chattanooga.xlsx,7214,Aug 2025,Marketing,2576.38
Feb. 2026 Owner Financials - EXR Chattanooga.xlsx,7214,Sep 2025,Marketing,1945.35
Feb. 2026 Owner Financials - EXR Chattanooga.xlsx,7214,Oct 2025,Marketing,2379.73
Feb. 2026 Owner Financials - EXR Chattanooga.xlsx,7214,Nov 2025,Marketing,1758.12
Feb. 2026 Owner Financials - EXR Chattanooga.xlsx,7214,Dec 2025,Marketing,2138.23
Feb. 2026 Owner Financials - EXR Chattanooga.xlsx,7214,Jan 2026,Marketing,1845.51
Feb. 2026 Owner Financials - EXR Chattanooga.xlsx,7214,Feb 2026,Marketing,2069.91
Feb. 2026 Owner Financials - EXR Chattanooga.xlsx,7214,Feb 2025,Electricity (5300),1840.67
Feb. 2026 Owner Financials - EXR Chattanooga.xlsx,7214,Mar 2025,Electricity (5300),2410.79
Feb. 2026 Owner Financials - EXR Chattanooga.xlsx,7214,Apr 2025,Electricity (5300),2432.91
Feb. 2026 Owner Financials - EXR Chattanooga.xlsx,7214,May 2025,Electricity (5300),1553.18
Feb. 2026 Owner Financials - EXR Chattanooga.xlsx,7214,Jun 2025,Electricity (5300),1340.24
Feb. 2026 Owner Financials - EXR Chattanooga.xlsx,7214,Jul 2025,Electricity (5300),1615.09
Feb. 2026 Owner Financials - EXR Chattanooga.xlsx,7214,Aug 2025,Electricity (5300),2177.33
Feb. 2026 Owner Financials - EXR Chattanooga.xlsx,7214,Sep 2025,Electricity (5300),1464.73
Feb. 2026 Owner Financials - EXR Chattanooga.xlsx,7214,Oct 2025,Electricity (5300),1492.92
Feb. 2026 Owner Financials - EXR Chattanooga.xlsx,7214,Nov 2025,Electricity (5300),1396.39
Feb. 2026 Owner Financials - EXR Chattanooga.xlsx,7214,Dec 2025,Electricity (5300),1392.68
Feb. 2026 Owner Financials - EXR Chattanooga.xlsx,7214,Jan 2026,Electricity (5300),5915.62
Feb. 2026 Owner Financials - EXR Chattanooga.xlsx,7214,Feb 2026,Electricity (5300),4021.04
Feb. 2026 Owner Financials - EXR Chattanooga.xlsx,7214,Feb 2025,Telecom (5500),99.3
Feb. 2026 Owner Financials - EXR Chattanooga.xlsx,7214,Mar 2025,Telecom (5500),76.55
Feb. 2026 Owner Financials - EXR Chattanooga.xlsx,7214,Apr 2025,Telecom (5500),106.52
Feb. 2026 Owner Financials - EXR Chattanooga.xlsx,7214,May 2025,Telecom (5500),41.76
Feb. 2026 Owner Financials - EXR Chattanooga.xlsx,7214,Jun 2025,Telecom (5500),71.46
Feb. 2026 Owner Financials - EXR Chattanooga.xlsx,7214,Jul 2025,Telecom (5500),154.79
Feb. 2026 Owner Financials - EXR Chattanooga.xlsx,7214,Aug 2025,Telecom (5500),888.83
Feb. 2026 Owner Financials - EXR Chattanooga.xlsx,7214,Sep 2025,Telecom (5500),51.86
Feb. 2026 Owner Financials - EXR Chattanooga.xlsx,7214,Oct 2025,Telecom (5500),55.67
Feb. 2026 Owner Financials - EXR Chattanooga.xlsx,7214,Nov 2025,Telecom (5500),50.05
Feb. 2026 Owner Financials - EXR Chattanooga.xlsx,7214,Dec 2025,Telecom (5500),51.22
Feb. 2026 Owner Financials - EXR Chattanooga.xlsx,7214,Jan 2026,Telecom (5500),50.78
Feb. 2026 Owner Financials - EXR Chattanooga.xlsx,7214,Feb 2026,Telecom (5500),48.21
Feb. 2026 Owner Financials - EXR Chattanooga.xlsx,7214,Feb 2025,Water & Sewer (5320),164.6
Feb. 2026 Owner Financials - EXR Chattanooga.xlsx,7214,Mar 2025,Water & Sewer (5320),201.78
Feb. 2026 Owner Financials - EXR Chattanooga.xlsx,7214,Apr 2025,Water & Sewer (5320),719.58
Feb. 2026 Owner Financials - EXR Chattanooga.xlsx,7214,May 2025,Water & Sewer (5320),322.46
Feb. 2026 Owner Financials - EXR Chattanooga.xlsx,7214,Jun 2025,Water & Sewer (5320),290.01
Feb. 2026 Owner Financials - EXR Chattanooga.xlsx,7214,Jul 2025,Water & Sewer (5320),862.4
Feb. 2026 Owner Financials - EXR Chattanooga.xlsx,7214,Aug 2025,Water & Sewer (5320),254.83
Feb. 2026 Owner Financials - EXR Chattanooga.xlsx,7214,Sep 2025,Water & Sewer (5320),298.85
Feb. 2026 Owner Financials - EXR Chattanooga.xlsx,7214,Oct 2025,Water & Sewer (5320),872.46
Feb. 2026 Owner Financials - EXR Chattanooga.xlsx,7214,Nov 2025,Water & Sewer (5320),268.24
Feb. 2026 Owner Financials - EXR Chattanooga.xlsx,7214,Dec 2025,Water & Sewer (5320),310.38
Feb. 2026 Owner Financials - EXR Chattanooga.xlsx,7214,Jan 2026,Water & Sewer (5320),846.68
Feb. 2026 Owner Financials - EXR Chattanooga.xlsx,7214,Feb 2026,Water & Sewer (5320),310.45
Feb. 2026 Owner Financials - EXR Chattanooga.xlsx,7214,Feb 2025,Trash Removal (5610),0
Feb. 2026 Owner Financials - EXR Chattanooga.xlsx,7214,Mar 2025,Trash Removal (5610),0
Feb. 2026 Owner Financials - EXR Chattanooga.xlsx,7214,Apr 2025,Trash Removal (5610),-100
Feb. 2026 Owner Financials - EXR Chattanooga.xlsx,7214,May 2025,Trash Removal (5610),0
Feb. 2026 Owner Financials - EXR Chattanooga.xlsx,7214,Jun 2025,Trash Removal (5610),0
Feb. 2026 Owner Financials - EXR Chattanooga.xlsx,7214,Jul 2025,Trash Removal (5610),0
Feb. 2026 Owner Financials - EXR Chattanooga.xlsx,7214,Aug 2025,Trash Removal (5610),0
Feb. 2026 Owner Financials - EXR Chattanooga.xlsx,7214,Sep 2025,Trash Removal (5610),0
Feb. 2026 Owner Financials - EXR Chattanooga.xlsx,7214,Oct 2025,Trash Removal (5610),0
Feb. 2026 Owner Financials - EXR Chattanooga.xlsx,7214,Nov 2025,Trash Removal (5610),0
Feb. 2026 Owner Financials - EXR Chattanooga.xlsx,7214,Dec 2025,Trash Removal (5610),0
Feb. 2026 Owner Financials - EXR Chattanooga.xlsx,7214,Jan 2026,Trash Removal (5610),0
Feb. 2026 Owner Financials - EXR Chattanooga.xlsx,7214,Feb 2026,Trash Removal (5610),0
Feb. 2026 Owner Financials - EXR Chattanooga.xlsx,7214,Feb 2025,Utilities,2104.57
Feb. 2026 Owner Financials - EXR Chattanooga.xlsx,7214,Mar 2025,Utilities,2689.12
Feb. 2026 Owner Financials - EXR Chattanooga.xlsx,7214,Apr 2025,Utilities,3159.01
Feb. 2026 Owner Financials - EXR Chattanooga.xlsx,7214,May 2025,Utilities,1917.4
Feb. 2026 Owner Financials - EXR Chattanooga.xlsx,7214,Jun 2025,Utilities,1701.71
Feb. 2026 Owner Financials - EXR Chattanooga.xlsx,7214,Jul 2025,Utilities,2632.28
Feb. 2026 Owner Financials - EXR Chattanooga.xlsx,7214,Aug 2025,Utilities,3320.99
Feb. 2026 Owner Financials - EXR Chattanooga.xlsx,7214,Sep 2025,Utilities,1815.44
Feb. 2026 Owner Financials - EXR Chattanooga.xlsx,7214,Oct 2025,Utilities,2421.05
Feb. 2026 Owner Financials - EXR Chattanooga.xlsx,7214,Nov 2025,Utilities,1714.68
Feb. 2026 Owner Financials - EXR Chattanooga.xlsx,7214,Dec 2025,Utilities,1754.28
Feb. 2026 Owner Financials - EXR Chattanooga.xlsx,7214,Jan 2026,Utilities,6813.08
Feb. 2026 Owner Financials - EXR Chattanooga.xlsx,7214,Feb 2026,Utilities,4379.7
Feb. 2026 Owner Financials - EXR Chattanooga.xlsx,7214,Feb 2025,Office Supplies & Expense (5400),71.49
Feb. 2026 Owner Financials - EXR Chattanooga.xlsx,7214,Mar 2025,Office Supplies & Expense (5400),47.05
Feb. 2026 Owner Financials - EXR Chattanooga.xlsx,7214,Apr 2025,Office Supplies & Expense (5400),13.23
Feb. 2026 Owner Financials - EXR Chattanooga.xlsx,7214,May 2025,Office Supplies & Expense (5400),60.64
Feb. 2026 Owner Financials - EXR Chattanooga.xlsx,7214,Jun 2025,Office Supplies & Expense (5400),23.43
Feb. 2026 Owner Financials - EXR Chattanooga.xlsx,7214,Jul 2025,Office Supplies & Expense (5400),108.23
Feb. 2026 Owner Financials - EXR Chattanooga.xlsx,7214,Aug 2025,Office Supplies & Expense (5400),22.75
Feb. 2026 Owner Financials - EXR Chattanooga.xlsx,7214,Sep 2025,Office Supplies & Expense (5400),173.53
Feb. 2026 Owner Financials - EXR Chattanooga.xlsx,7214,Oct 2025,Office Supplies & Expense (5400),184.61
Feb. 2026 Owner Financials - EXR Chattanooga.xlsx,7214,Nov 2025,Office Supplies & Expense (5400),115.26
Feb. 2026 Owner Financials - EXR Chattanooga.xlsx,7214,Dec 2025,Office Supplies & Expense (5400),13.23
Feb. 2026 Owner Financials - EXR Chattanooga.xlsx,7214,Jan 2026,Office Supplies & Expense (5400),99.27
Feb. 2026 Owner Financials - EXR Chattanooga.xlsx,7214,Feb 2026,Office Supplies & Expense (5400),111.19
Feb. 2026 Owner Financials - EXR Chattanooga.xlsx,7214,Feb 2025,Postage/Express Delivery (5410),44.15
Feb. 2026 Owner Financials - EXR Chattanooga.xlsx,7214,Mar 2025,Postage/Express Delivery (5410),54.25
Feb. 2026 Owner Financials - EXR Chattanooga.xlsx,7214,Apr 2025,Postage/Express Delivery (5410),56.26
Feb. 2026 Owner Financials - EXR Chattanooga.xlsx,7214,May 2025,Postage/Express Delivery (5410),43.44
Feb. 2026 Owner Financials - EXR Chattanooga.xlsx,7214,Jun 2025,Postage/Express Delivery (5410),71.87
Feb. 2026 Owner Financials - EXR Chattanooga.xlsx,7214,Jul 2025,Postage/Express Delivery (5410),39.74
Feb. 2026 Owner Financials - EXR Chattanooga.xlsx,7214,Aug 2025,Postage/Express Delivery (5410),47.69
Feb. 2026 Owner Financials - EXR Chattanooga.xlsx,7214,Sep 2025,Postage/Express Delivery (5410),115.52
Feb. 2026 Owner Financials - EXR Chattanooga.xlsx,7214,Oct 2025,Postage/Express Delivery (5410),100.01
Feb. 2026 Owner Financials - EXR Chattanooga.xlsx,7214,Nov 2025,Postage/Express Delivery (5410),139.33
Feb. 2026 Owner Financials - EXR Chattanooga.xlsx,7214,Dec 2025,Postage/Express Delivery (5410),45.11
Feb. 2026 Owner Financials - EXR Chattanooga.xlsx,7214,Jan 2026,Postage/Express Delivery (5410),40.91
Feb. 2026 Owner Financials - EXR Chattanooga.xlsx,7214,Feb 2026,Postage/Express Delivery (5410),42.84
Feb. 2026 Owner Financials - EXR Chattanooga.xlsx,7214,Feb 2025,Recruiting (5460),6.03
Feb. 2026 Owner Financials - EXR Chattanooga.xlsx,7214,Mar 2025,Recruiting (5460),80.29
Feb. 2026 Owner Financials - EXR Chattanooga.xlsx,7214,Apr 2025,Recruiting (5460),7.04
Feb. 2026 Owner Financials - EXR Chattanooga.xlsx,7214,May 2025,Recruiting (5460),8.32
Feb. 2026 Owner Financials - EXR Chattanooga.xlsx,7214,Jun 2025,Recruiting (5460),5.37
Feb. 2026 Owner Financials - EXR Chattanooga.xlsx,7214,Jul 2025,Recruiting (5460),12.91
Feb. 2026 Owner Financials - EXR Chattanooga.xlsx,7214,Aug 2025,Recruiting (5460),6.96
Feb. 2026 Owner Financials - EXR Chattanooga.xlsx,7214,Sep 2025,Recruiting (5460),7.87
Feb. 2026 Owner Financials - EXR Chattanooga.xlsx,7214,Oct 2025,Recruiting (5460),8.66
Feb. 2026 Owner Financials - EXR Chattanooga.xlsx,7214,Nov 2025,Recruiting (5460),3.74
Feb. 2026 Owner Financials - EXR Chattanooga.xlsx,7214,Dec 2025,Recruiting (5460),12.21
Feb. 2026 Owner Financials - EXR Chattanooga.xlsx,7214,Jan 2026,Recruiting (5460),4.08
Feb. 2026 Owner Financials - EXR Chattanooga.xlsx,7214,Feb 2026,Recruiting (5460),2.63
Feb. 2026 Owner Financials - EXR Chattanooga.xlsx,7214,Feb 2025,Employee Relations (5470),0
Feb. 2026 Owner Financials - EXR Chattanooga.xlsx,7214,Mar 2025,Employee Relations (5470),60.08
Feb. 2026 Owner Financials - EXR Chattanooga.xlsx,7214,Apr 2025,Employee Relations (5470),40
Feb. 2026 Owner Financials - EXR Chattanooga.xlsx,7214,May 2025,Employee Relations (5470),121
Feb. 2026 Owner Financials - EXR Chattanooga.xlsx,7214,Jun 2025,Employee Relations (5470),40
Feb. 2026 Owner Financials - EXR Chattanooga.xlsx,7214,Jul 2025,Employee Relations (5470),91.37
Feb. 2026 Owner Financials - EXR Chattanooga.xlsx,7214,Aug 2025,Employee Relations (5470),0
Feb. 2026 Owner Financials - EXR Chattanooga.xlsx,7214,Sep 2025,Employee Relations (5470),0
Feb. 2026 Owner Financials - EXR Chattanooga.xlsx,7214,Oct 2025,Employee Relations (5470),0
Feb. 2026 Owner Financials - EXR Chattanooga.xlsx,7214,Nov 2025,Employee Relations (5470),0
Feb. 2026 Owner Financials - EXR Chattanooga.xlsx,7214,Dec 2025,Employee Relations (5470),54.82
Feb. 2026 Owner Financials - EXR Chattanooga.xlsx,7214,Jan 2026,Employee Relations (5470),312.77
Feb. 2026 Owner Financials - EXR Chattanooga.xlsx,7214,Feb 2026,Employee Relations (5470),0
Feb. 2026 Owner Financials - EXR Chattanooga.xlsx,7214,Feb 2025,Training (5475),0
Feb. 2026 Owner Financials - EXR Chattanooga.xlsx,7214,Mar 2025,Training (5475),0
Feb. 2026 Owner Financials - EXR Chattanooga.xlsx,7214,Apr 2025,Training (5475),13.3
Feb. 2026 Owner Financials - EXR Chattanooga.xlsx,7214,May 2025,Training (5475),41.04
Feb. 2026 Owner Financials - EXR Chattanooga.xlsx,7214,Jun 2025,Training (5475),29.9
Feb. 2026 Owner Financials - EXR Chattanooga.xlsx,7214,Jul 2025,Training (5475),12.27
Feb. 2026 Owner Financials - EXR Chattanooga.xlsx,7214,Aug 2025,Training (5475),0
Feb. 2026 Owner Financials - EXR Chattanooga.xlsx,7214,Sep 2025,Training (5475),35.35
Feb. 2026 Owner Financials - EXR Chattanooga.xlsx,7214,Oct 2025,Training (5475),60.63
Feb. 2026 Owner Financials - EXR Chattanooga.xlsx,7214,Nov 2025,Training (5475),0
Feb. 2026 Owner Financials - EXR Chattanooga.xlsx,7214,Dec 2025,Training (5475),0
Feb. 2026 Owner Financials - EXR Chattanooga.xlsx,7214,Jan 2026,Training (5475),0
Feb. 2026 Owner Financials - EXR Chattanooga.xlsx,7214,Feb 2026,Training (5475),0
Feb. 2026 Owner Financials - EXR Chattanooga.xlsx,7214,Feb 2025,Business Travel (5490),9.52
Feb. 2026 Owner Financials - EXR Chattanooga.xlsx,7214,Mar 2025,Business Travel (5490),0
Feb. 2026 Owner Financials - EXR Chattanooga.xlsx,7214,Apr 2025,Business Travel (5490),17.43
Feb. 2026 Owner Financials - EXR Chattanooga.xlsx,7214,May 2025,Business Travel (5490),0
Feb. 2026 Owner Financials - EXR Chattanooga.xlsx,7214,Jun 2025,Business Travel (5490),0
Feb. 2026 Owner Financials - EXR Chattanooga.xlsx,7214,Jul 2025,Business Travel (5490),0
Feb. 2026 Owner Financials - EXR Chattanooga.xlsx,7214,Aug 2025,Business Travel (5490),16.94
Feb. 2026 Owner Financials - EXR Chattanooga.xlsx,7214,Sep 2025,Business Travel (5490),15.82
Feb. 2026 Owner Financials - EXR Chattanooga.xlsx,7214,Oct 2025,Business Travel (5490),2.8
Feb. 2026 Owner Financials - EXR Chattanooga.xlsx,7214,Nov 2025,Business Travel (5490),5.04
Feb. 2026 Owner Financials - EXR Chattanooga.xlsx,7214,Dec 2025,Business Travel (5490),2.52
Feb. 2026 Owner Financials - EXR Chattanooga.xlsx,7214,Jan 2026,Business Travel (5490),0
Feb. 2026 Owner Financials - EXR Chattanooga.xlsx,7214,Feb 2026,Business Travel (5490),0
Feb. 2026 Owner Financials - EXR Chattanooga.xlsx,7214,Feb 2025,Computer (5550),515
Feb. 2026 Owner Financials - EXR Chattanooga.xlsx,7214,Mar 2025,Computer (5550),515
Feb. 2026 Owner Financials - EXR Chattanooga.xlsx,7214,Apr 2025,Computer (5550),515
Feb. 2026 Owner Financials - EXR Chattanooga.xlsx,7214,May 2025,Computer (5550),515
Feb. 2026 Owner Financials - EXR Chattanooga.xlsx,7214,Jun 2025,Computer (5550),515
Feb. 2026 Owner Financials - EXR Chattanooga.xlsx,7214,Jul 2025,Computer (5550),515
Feb. 2026 Owner Financials - EXR Chattanooga.xlsx,7214,Aug 2025,Computer (5550),515
Feb. 2026 Owner Financials - EXR Chattanooga.xlsx,7214,Sep 2025,Computer (5550),515
Feb. 2026 Owner Financials - EXR Chattanooga.xlsx,7214,Oct 2025,Computer (5550),515
Feb. 2026 Owner Financials - EXR Chattanooga.xlsx,7214,Nov 2025,Computer (5550),515
Feb. 2026 Owner Financials - EXR Chattanooga.xlsx,7214,Dec 2025,Computer (5550),515
Feb. 2026 Owner Financials - EXR Chattanooga.xlsx,7214,Jan 2026,Computer (5550),550
Feb. 2026 Owner Financials - EXR Chattanooga.xlsx,7214,Feb 2026,Computer (5550),562.8
Feb. 2026 Owner Financials - EXR Chattanooga.xlsx,7214,Feb 2025,Office & Employee,646.19
Feb. 2026 Owner Financials - EXR Chattanooga.xlsx,7214,Mar 2025,Office & Employee,756.67
Feb. 2026 Owner Financials - EXR Chattanooga.xlsx,7214,Apr 2025,Office & Employee,662.26
Feb. 2026 Owner Financials - EXR Chattanooga.xlsx,7214,May 2025,Office & Employee,789.44
Feb. 2026 Owner Financials - EXR Chattanooga.xlsx,7214,Jun 2025,Office & Employee,685.57
Feb. 2026 Owner Financials - EXR Chattanooga.xlsx,7214,Jul 2025,Office & Employee,779.52
Feb. 2026 Owner Financials - EXR Chattanooga.xlsx,7214,Aug 2025,Office & Employee,609.34
Feb. 2026 Owner Financials - EXR Chattanooga.xlsx,7214,Sep 2025,Office & Employee,863.09
Feb. 2026 Owner Financials - EXR Chattanooga.xlsx,7214,Oct 2025,Office & Employee,871.71
Feb. 2026 Owner Financials - EXR Chattanooga.xlsx,7214,Nov 2025,Office & Employee,778.37
Feb. 2026 Owner Financials - EXR Chattanooga.xlsx,7214,Dec 2025,Office & Employee,642.89
Feb. 2026 Owner Financials - EXR Chattanooga.xlsx,7214,Jan 2026,Office & Employee,1007.03
Feb. 2026 Owner Financials - EXR Chattanooga.xlsx,7214,Feb 2026,Office & Employee,719.46
Feb. 2026 Owner Financials - EXR Chattanooga.xlsx,7214,Feb 2025,Legal & Professional (5440),0
Feb. 2026 Owner Financials - EXR Chattanooga.xlsx,7214,Mar 2025,Legal & Professional (5440),0
Feb. 2026 Owner Financials - EXR Chattanooga.xlsx,7214,Apr 2025,Legal & Professional (5440),0
Feb. 2026 Owner Financials - EXR Chattanooga.xlsx,7214,May 2025,Legal & Professional (5440),22.61
Feb. 2026 Owner Financials - EXR Chattanooga.xlsx,7214,Jun 2025,Legal & Professional (5440),0
Feb. 2026 Owner Financials - EXR Chattanooga.xlsx,7214,Jul 2025,Legal & Professional (5440),0
Feb. 2026 Owner Financials - EXR Chattanooga.xlsx,7214,Aug 2025,Legal & Professional (5440),0
Feb. 2026 Owner Financials - EXR Chattanooga.xlsx,7214,Sep 2025,Legal & Professional (5440),0
Feb. 2026 Owner Financials - EXR Chattanooga.xlsx,7214,Oct 2025,Legal & Professional (5440),0
Feb. 2026 Owner Financials - EXR Chattanooga.xlsx,7214,Nov 2025,Legal & Professional (5440),0
Feb. 2026 Owner Financials - EXR Chattanooga.xlsx,7214,Dec 2025,Legal & Professional (5440),0
Feb. 2026 Owner Financials - EXR Chattanooga.xlsx,7214,Jan 2026,Legal & Professional (5440),0
Feb. 2026 Owner Financials - EXR Chattanooga.xlsx,7214,Feb 2026,Legal & Professional (5440),21.75
Feb. 2026 Owner Financials - EXR Chattanooga.xlsx,7214,Feb 2025,"Operational Fees, Licenses & Taxes (5450)",68
Feb. 2026 Owner Financials - EXR Chattanooga.xlsx,7214,Mar 2025,"Operational Fees, Licenses & Taxes (5450)",68
Feb. 2026 Owner Financials - EXR Chattanooga.xlsx,7214,Apr 2025,"Operational Fees, Licenses & Taxes (5450)",398.4
Feb. 2026 Owner Financials - EXR Chattanooga.xlsx,7214,May 2025,"Operational Fees, Licenses & Taxes (5450)",68
Feb. 2026 Owner Financials - EXR Chattanooga.xlsx,7214,Jun 2025,"Operational Fees, Licenses & Taxes (5450)",68
Feb. 2026 Owner Financials - EXR Chattanooga.xlsx,7214,Jul 2025,"Operational Fees, Licenses & Taxes (5450)",68
Feb. 2026 Owner Financials - EXR Chattanooga.xlsx,7214,Aug 2025,"Operational Fees, Licenses & Taxes (5450)",68
Feb. 2026 Owner Financials - EXR Chattanooga.xlsx,7214,Sep 2025,"Operational Fees, Licenses & Taxes (5450)",68
Feb. 2026 Owner Financials - EXR Chattanooga.xlsx,7214,Oct 2025,"Operational Fees, Licenses & Taxes (5450)",68.86
Feb. 2026 Owner Financials - EXR Chattanooga.xlsx,7214,Nov 2025,"Operational Fees, Licenses & Taxes (5450)",68.9
Feb. 2026 Owner Financials - EXR Chattanooga.xlsx,7214,Dec 2025,"Operational Fees, Licenses & Taxes (5450)",63.38
Feb. 2026 Owner Financials - EXR Chattanooga.xlsx,7214,Jan 2026,"Operational Fees, Licenses & Taxes (5450)",214.38
Feb. 2026 Owner Financials - EXR Chattanooga.xlsx,7214,Feb 2026,"Operational Fees, Licenses & Taxes (5450)",80.86
Feb. 2026 Owner Financials - EXR Chattanooga.xlsx,7214,Feb 2025,Credit Card Merchant Fees (5435),1435.81
Feb. 2026 Owner Financials - EXR Chattanooga.xlsx,7214,Mar 2025,Credit Card Merchant Fees (5435),1299.76
Feb. 2026 Owner Financials - EXR Chattanooga.xlsx,7214,Apr 2025,Credit Card Merchant Fees (5435),1656.23
Feb. 2026 Owner Financials - EXR Chattanooga.xlsx,7214,May 2025,Credit Card Merchant Fees (5435),1377.28
Feb. 2026 Owner Financials - EXR Chattanooga.xlsx,7214,Jun 2025,Credit Card Merchant Fees (5435),1534.03
Feb. 2026 Owner Financials - EXR Chattanooga.xlsx,7214,Jul 2025,Credit Card Merchant Fees (5435),1542.42
Feb. 2026 Owner Financials - EXR Chattanooga.xlsx,7214,Aug 2025,Credit Card Merchant Fees (5435),1922.07
Feb. 2026 Owner Financials - EXR Chattanooga.xlsx,7214,Sep 2025,Credit Card Merchant Fees (5435),1762.14
Feb. 2026 Owner Financials - EXR Chattanooga.xlsx,7214,Oct 2025,Credit Card Merchant Fees (5435),1560.54
Feb. 2026 Owner Financials - EXR Chattanooga.xlsx,7214,Nov 2025,Credit Card Merchant Fees (5435),1765.05
Feb. 2026 Owner Financials - EXR Chattanooga.xlsx,7214,Dec 2025,Credit Card Merchant Fees (5435),1634.02
Feb. 2026 Owner Financials - EXR Chattanooga.xlsx,7214,Jan 2026,Credit Card Merchant Fees (5435),1770.11
Feb. 2026 Owner Financials - EXR Chattanooga.xlsx,7214,Feb 2026,Credit Card Merchant Fees (5435),1987.96
Feb. 2026 Owner Financials - EXR Chattanooga.xlsx,7214,Feb 2025,Administrative,1503.81
Feb. 2026 Owner Financials - EXR Chattanooga.xlsx,7214,Mar 2025,Administrative,1367.76
Feb. 2026 Owner Financials - EXR Chattanooga.xlsx,7214,Apr 2025,Administrative,2054.63
Feb. 2026 Owner Financials - EXR Chattanooga.xlsx,7214,May 2025,Administrative,1467.89
Feb. 2026 Owner Financials - EXR Chattanooga.xlsx,7214,Jun 2025,Administrative,1602.03
Feb. 2026 Owner Financials - EXR Chattanooga.xlsx,7214,Jul 2025,Administrative,1610.42
Feb. 2026 Owner Financials - EXR Chattanooga.xlsx,7214,Aug 2025,Administrative,1990.07
Feb. 2026 Owner Financials - EXR Chattanooga.xlsx,7214,Sep 2025,Administrative,1830.14
Feb. 2026 Owner Financials - EXR Chattanooga.xlsx,7214,Oct 2025,Administrative,1629.4
Feb. 2026 Owner Financials - EXR Chattanooga.xlsx,7214,Nov 2025,Administrative,1833.95
Feb. 2026 Owner Financials - EXR Chattanooga.xlsx,7214,Dec 2025,Administrative,1697.4
Feb. 2026 Owner Financials - EXR Chattanooga.xlsx,7214,Jan 2026,Administrative,1984.49
Feb. 2026 Owner Financials - EXR Chattanooga.xlsx,7214,Feb 2026,Administrative,2090.57
Feb. 2026 Owner Financials - EXR Chattanooga.xlsx,7214,Feb 2025,Repairs & Maintenance (5600),180
Feb. 2026 Owner Financials - EXR Chattanooga.xlsx,7214,Mar 2025,Repairs & Maintenance (5600),24.28
Feb. 2026 Owner Financials - EXR Chattanooga.xlsx,7214,Apr 2025,Repairs & Maintenance (5600),1242.13
Feb. 2026 Owner Financials - EXR Chattanooga.xlsx,7214,May 2025,Repairs & Maintenance (5600),2058.76
Feb. 2026 Owner Financials - EXR Chattanooga.xlsx,7214,Jun 2025,Repairs & Maintenance (5600),39.99
Feb. 2026 Owner Financials - EXR Chattanooga.xlsx,7214,Jul 2025,Repairs & Maintenance (5600),0
Feb. 2026 Owner Financials - EXR Chattanooga.xlsx,7214,Aug 2025,Repairs & Maintenance (5600),275.78
Feb. 2026 Owner Financials - EXR Chattanooga.xlsx,7214,Sep 2025,Repairs & Maintenance (5600),644.58
Feb. 2026 Owner Financials - EXR Chattanooga.xlsx,7214,Oct 2025,Repairs & Maintenance (5600),51.28
Feb. 2026 Owner Financials - EXR Chattanooga.xlsx,7214,Nov 2025,Repairs & Maintenance (5600),121.25
Feb. 2026 Owner Financials - EXR Chattanooga.xlsx,7214,Dec 2025,Repairs & Maintenance (5600),513.68
Feb. 2026 Owner Financials - EXR Chattanooga.xlsx,7214,Jan 2026,Repairs & Maintenance (5600),474.61
Feb. 2026 Owner Financials - EXR Chattanooga.xlsx,7214,Feb 2026,Repairs & Maintenance (5600),55.04
Feb. 2026 Owner Financials - EXR Chattanooga.xlsx,7214,Feb 2025,Lighting / Electrical (5605),0
Feb. 2026 Owner Financials - EXR Chattanooga.xlsx,7214,Mar 2025,Lighting / Electrical (5605),0
Feb. 2026 Owner Financials - EXR Chattanooga.xlsx,7214,Apr 2025,Lighting / Electrical (5605),0
Feb. 2026 Owner Financials - EXR Chattanooga.xlsx,7214,May 2025,Lighting / Electrical (5605),0
Feb. 2026 Owner Financials - EXR Chattanooga.xlsx,7214,Jun 2025,Lighting / Electrical (5605),0
Feb. 2026 Owner Financials - EXR Chattanooga.xlsx,7214,Jul 2025,Lighting / Electrical (5605),0
Feb. 2026 Owner Financials - EXR Chattanooga.xlsx,7214,Aug 2025,Lighting / Electrical (5605),0
Feb. 2026 Owner Financials - EXR Chattanooga.xlsx,7214,Sep 2025,Lighting / Electrical (5605),0
Feb. 2026 Owner Financials - EXR Chattanooga.xlsx,7214,Oct 2025,Lighting / Electrical (5605),0
Feb. 2026 Owner Financials - EXR Chattanooga.xlsx,7214,Nov 2025,Lighting / Electrical (5605),0
Feb. 2026 Owner Financials - EXR Chattanooga.xlsx,7214,Dec 2025,Lighting / Electrical (5605),165
Feb. 2026 Owner Financials - EXR Chattanooga.xlsx,7214,Jan 2026,Lighting / Electrical (5605),0
Feb. 2026 Owner Financials - EXR Chattanooga.xlsx,7214,Feb 2026,Lighting / Electrical (5605),0
Feb. 2026 Owner Financials - EXR Chattanooga.xlsx,7214,Feb 2025,Unit Doors (5615),0
Feb. 2026 Owner Financials - EXR Chattanooga.xlsx,7214,Mar 2025,Unit Doors (5615),0
Feb. 2026 Owner Financials - EXR Chattanooga.xlsx,7214,Apr 2025,Unit Doors (5615),0
Feb. 2026 Owner Financials - EXR Chattanooga.xlsx,7214,May 2025,Unit Doors (5615),0
Feb. 2026 Owner Financials - EXR Chattanooga.xlsx,7214,Jun 2025,Unit Doors (5615),0
Feb. 2026 Owner Financials - EXR Chattanooga.xlsx,7214,Jul 2025,Unit Doors (5615),0
Feb. 2026 Owner Financials - EXR Chattanooga.xlsx,7214,Aug 2025,Unit Doors (5615),0
Feb. 2026 Owner Financials - EXR Chattanooga.xlsx,7214,Sep 2025,Unit Doors (5615),0
Feb. 2026 Owner Financials - EXR Chattanooga.xlsx,7214,Oct 2025,Unit Doors (5615),0
Feb. 2026 Owner Financials - EXR Chattanooga.xlsx,7214,Nov 2025,Unit Doors (5615),0
Feb. 2026 Owner Financials - EXR Chattanooga.xlsx,7214,Dec 2025,Unit Doors (5615),23220.56
Feb. 2026 Owner Financials - EXR Chattanooga.xlsx,7214,Jan 2026,Unit Doors (5615),0
Feb. 2026 Owner Financials - EXR Chattanooga.xlsx,7214,Feb 2026,Unit Doors (5615),1335.04
Feb. 2026 Owner Financials - EXR Chattanooga.xlsx,7214,Feb 2025,Landscaping Maintenance (5620),565
Feb. 2026 Owner Financials - EXR Chattanooga.xlsx,7214,Mar 2025,Landscaping Maintenance (5620),1350
Feb. 2026 Owner Financials - EXR Chattanooga.xlsx,7214,Apr 2025,Landscaping Maintenance (5620),565
Feb. 2026 Owner Financials - EXR Chattanooga.xlsx,7214,May 2025,Landscaping Maintenance (5620),565
Feb. 2026 Owner Financials - EXR Chattanooga.xlsx,7214,Jun 2025,Landscaping Maintenance (5620),565
Feb. 2026 Owner Financials - EXR Chattanooga.xlsx,7214,Jul 2025,Landscaping Maintenance (5620),565
Feb. 2026 Owner Financials - EXR Chattanooga.xlsx,7214,Aug 2025,Landscaping Maintenance (5620),565
Feb. 2026 Owner Financials - EXR Chattanooga.xlsx,7214,Sep 2025,Landscaping Maintenance (5620),22.68
Feb. 2026 Owner Financials - EXR Chattanooga.xlsx,7214,Oct 2025,Landscaping Maintenance (5620),2065
Feb. 2026 Owner Financials - EXR Chattanooga.xlsx,7214,Nov 2025,Landscaping Maintenance (5620),1130
Feb. 2026 Owner Financials - EXR Chattanooga.xlsx,7214,Dec 2025,Landscaping Maintenance (5620),565
Feb. 2026 Owner Financials - EXR Chattanooga.xlsx,7214,Jan 2026,Landscaping Maintenance (5620),565
Feb. 2026 Owner Financials - EXR Chattanooga.xlsx,7214,Feb 2026,Landscaping Maintenance (5620),565
Feb. 2026 Owner Financials - EXR Chattanooga.xlsx,7214,Feb 2025,Snow Removal (5630),0
Feb. 2026 Owner Financials - EXR Chattanooga.xlsx,7214,Mar 2025,Snow Removal (5630),0
Feb. 2026 Owner Financials - EXR Chattanooga.xlsx,7214,Apr 2025,Snow Removal (5630),0
Feb. 2026 Owner Financials - EXR Chattanooga.xlsx,7214,May 2025,Snow Removal (5630),0
Feb. 2026 Owner Financials - EXR Chattanooga.xlsx,7214,Jun 2025,Snow Removal (5630),0
Feb. 2026 Owner Financials - EXR Chattanooga.xlsx,7214,Jul 2025,Snow Removal (5630),0
Feb. 2026 Owner Financials - EXR Chattanooga.xlsx,7214,Aug 2025,Snow Removal (5630),0
Feb. 2026 Owner Financials - EXR Chattanooga.xlsx,7214,Sep 2025,Snow Removal (5630),0
Feb. 2026 Owner Financials - EXR Chattanooga.xlsx,7214,Oct 2025,Snow Removal (5630),0
Feb. 2026 Owner Financials - EXR Chattanooga.xlsx,7214,Nov 2025,Snow Removal (5630),0
Feb. 2026 Owner Financials - EXR Chattanooga.xlsx,7214,Dec 2025,Snow Removal (5630),0
Feb. 2026 Owner Financials - EXR Chattanooga.xlsx,7214,Jan 2026,Snow Removal (5630),24.57
Feb. 2026 Owner Financials - EXR Chattanooga.xlsx,7214,Feb 2026,Snow Removal (5630),0
Feb. 2026 Owner Financials - EXR Chattanooga.xlsx,7214,Feb 2025,Pest Control (5640),104.13
Feb. 2026 Owner Financials - EXR Chattanooga.xlsx,7214,Mar 2025,Pest Control (5640),109.2
Feb. 2026 Owner Financials - EXR Chattanooga.xlsx,7214,Apr 2025,Pest Control (5640),606.45
Feb. 2026 Owner Financials - EXR Chattanooga.xlsx,7214,May 2025,Pest Control (5640),124.07
Feb. 2026 Owner Financials - EXR Chattanooga.xlsx,7214,Jun 2025,Pest Control (5640),106.45
Feb. 2026 Owner Financials - EXR Chattanooga.xlsx,7214,Jul 2025,Pest Control (5640),106.45
Feb. 2026 Owner Financials - EXR Chattanooga.xlsx,7214,Aug 2025,Pest Control (5640),106.45
Feb. 2026 Owner Financials - EXR Chattanooga.xlsx,7214,Sep 2025,Pest Control (5640),138.7
Feb. 2026 Owner Financials - EXR Chattanooga.xlsx,7214,Oct 2025,Pest Control (5640),106.45
Feb. 2026 Owner Financials - EXR Chattanooga.xlsx,7214,Nov 2025,Pest Control (5640),106.45
Feb. 2026 Owner Financials - EXR Chattanooga.xlsx,7214,Dec 2025,Pest Control (5640),106.45
Feb. 2026 Owner Financials - EXR Chattanooga.xlsx,7214,Jan 2026,Pest Control (5640),106.45
Feb. 2026 Owner Financials - EXR Chattanooga.xlsx,7214,Feb 2026,Pest Control (5640),106.45
Feb. 2026 Owner Financials - EXR Chattanooga.xlsx,7214,Feb 2025,Elevator Maintenance (5650),1620
Feb. 2026 Owner Financials - EXR Chattanooga.xlsx,7214,Mar 2025,Elevator Maintenance (5650),0
Feb. 2026 Owner Financials - EXR Chattanooga.xlsx,7214,Apr 2025,Elevator Maintenance (5650),1500
Feb. 2026 Owner Financials - EXR Chattanooga.xlsx,7214,May 2025,Elevator Maintenance (5650),329.47
Feb. 2026 Owner Financials - EXR Chattanooga.xlsx,7214,Jun 2025,Elevator Maintenance (5650),0
Feb. 2026 Owner Financials - EXR Chattanooga.xlsx,7214,Jul 2025,Elevator Maintenance (5650),1500
Feb. 2026 Owner Financials - EXR Chattanooga.xlsx,7214,Aug 2025,Elevator Maintenance (5650),120
Feb. 2026 Owner Financials - EXR Chattanooga.xlsx,7214,Sep 2025,Elevator Maintenance (5650),0
Feb. 2026 Owner Financials - EXR Chattanooga.xlsx,7214,Oct 2025,Elevator Maintenance (5650),2292.8
Feb. 2026 Owner Financials - EXR Chattanooga.xlsx,7214,Nov 2025,Elevator Maintenance (5650),84
Feb. 2026 Owner Financials - EXR Chattanooga.xlsx,7214,Dec 2025,Elevator Maintenance (5650),84
Feb. 2026 Owner Financials - EXR Chattanooga.xlsx,7214,Jan 2026,Elevator Maintenance (5650),1586.54
Feb. 2026 Owner Financials - EXR Chattanooga.xlsx,7214,Feb 2026,Elevator Maintenance (5650),206.52
Feb. 2026 Owner Financials - EXR Chattanooga.xlsx,7214,Feb 2025,HVAC Repairs (5655),0
Feb. 2026 Owner Financials - EXR Chattanooga.xlsx,7214,Mar 2025,HVAC Repairs (5655),0
Feb. 2026 Owner Financials - EXR Chattanooga.xlsx,7214,Apr 2025,HVAC Repairs (5655),196.22
Feb. 2026 Owner Financials - EXR Chattanooga.xlsx,7214,May 2025,HVAC Repairs (5655),0
Feb. 2026 Owner Financials - EXR Chattanooga.xlsx,7214,Jun 2025,HVAC Repairs (5655),127.5
Feb. 2026 Owner Financials - EXR Chattanooga.xlsx,7214,Jul 2025,HVAC Repairs (5655),0
Feb. 2026 Owner Financials - EXR Chattanooga.xlsx,7214,Aug 2025,HVAC Repairs (5655),0
Feb. 2026 Owner Financials - EXR Chattanooga.xlsx,7214,Sep 2025,HVAC Repairs (5655),555
Feb. 2026 Owner Financials - EXR Chattanooga.xlsx,7214,Oct 2025,HVAC Repairs (5655),0
Feb. 2026 Owner Financials - EXR Chattanooga.xlsx,7214,Nov 2025,HVAC Repairs (5655),0
Feb. 2026 Owner Financials - EXR Chattanooga.xlsx,7214,Dec 2025,HVAC Repairs (5655),0
Feb. 2026 Owner Financials - EXR Chattanooga.xlsx,7214,Jan 2026,HVAC Repairs (5655),0
Feb. 2026 Owner Financials - EXR Chattanooga.xlsx,7214,Feb 2026,HVAC Repairs (5655),0
Feb. 2026 Owner Financials - EXR Chattanooga.xlsx,7214,Feb 2025,Security System (5660),0
Feb. 2026 Owner Financials - EXR Chattanooga.xlsx,7214,Mar 2025,Security System (5660),0
Feb. 2026 Owner Financials - EXR Chattanooga.xlsx,7214,Apr 2025,Security System (5660),0
Feb. 2026 Owner Financials - EXR Chattanooga.xlsx,7214,May 2025,Security System (5660),0
Feb. 2026 Owner Financials - EXR Chattanooga.xlsx,7214,Jun 2025,Security System (5660),0
Feb. 2026 Owner Financials - EXR Chattanooga.xlsx,7214,Jul 2025,Security System (5660),0
Feb. 2026 Owner Financials - EXR Chattanooga.xlsx,7214,Aug 2025,Security System (5660),0
Feb. 2026 Owner Financials - EXR Chattanooga.xlsx,7214,Sep 2025,Security System (5660),0
Feb. 2026 Owner Financials - EXR Chattanooga.xlsx,7214,Oct 2025,Security System (5660),0
Feb. 2026 Owner Financials - EXR Chattanooga.xlsx,7214,Nov 2025,Security System (5660),676.6
Feb. 2026 Owner Financials - EXR Chattanooga.xlsx,7214,Dec 2025,Security System (5660),33.8
Feb. 2026 Owner Financials - EXR Chattanooga.xlsx,7214,Jan 2026,Security System (5660),33.8
Feb. 2026 Owner Financials - EXR Chattanooga.xlsx,7214,Feb 2026,Security System (5660),33.8
Feb. 2026 Owner Financials - EXR Chattanooga.xlsx,7214,Feb 2025,Gate & Fence (5665),0
Feb. 2026 Owner Financials - EXR Chattanooga.xlsx,7214,Mar 2025,Gate & Fence (5665),0
Feb. 2026 Owner Financials - EXR Chattanooga.xlsx,7214,Apr 2025,Gate & Fence (5665),0
Feb. 2026 Owner Financials - EXR Chattanooga.xlsx,7214,May 2025,Gate & Fence (5665),0
Feb. 2026 Owner Financials - EXR Chattanooga.xlsx,7214,Jun 2025,Gate & Fence (5665),520
Feb. 2026 Owner Financials - EXR Chattanooga.xlsx,7214,Jul 2025,Gate & Fence (5665),0
Feb. 2026 Owner Financials - EXR Chattanooga.xlsx,7214,Aug 2025,Gate & Fence (5665),0
Feb. 2026 Owner Financials - EXR Chattanooga.xlsx,7214,Sep 2025,Gate & Fence (5665),0
Feb. 2026 Owner Financials - EXR Chattanooga.xlsx,7214,Oct 2025,Gate & Fence (5665),0
Feb. 2026 Owner Financials - EXR Chattanooga.xlsx,7214,Nov 2025,Gate & Fence (5665),0
Feb. 2026 Owner Financials - EXR Chattanooga.xlsx,7214,Dec 2025,Gate & Fence (5665),0
Feb. 2026 Owner Financials - EXR Chattanooga.xlsx,7214,Jan 2026,Gate & Fence (5665),0
Feb. 2026 Owner Financials - EXR Chattanooga.xlsx,7214,Feb 2026,Gate & Fence (5665),0
Feb. 2026 Owner Financials - EXR Chattanooga.xlsx,7214,Feb 2025,Fire Prevention (5670),0
Feb. 2026 Owner Financials - EXR Chattanooga.xlsx,7214,Mar 2025,Fire Prevention (5670),576
Feb. 2026 Owner Financials - EXR Chattanooga.xlsx,7214,Apr 2025,Fire Prevention (5670),375
Feb. 2026 Owner Financials - EXR Chattanooga.xlsx,7214,May 2025,Fire Prevention (5670),0
Feb. 2026 Owner Financials - EXR Chattanooga.xlsx,7214,Jun 2025,Fire Prevention (5670),205
Feb. 2026 Owner Financials - EXR Chattanooga.xlsx,7214,Jul 2025,Fire Prevention (5670),0
Feb. 2026 Owner Financials - EXR Chattanooga.xlsx,7214,Aug 2025,Fire Prevention (5670),0
Feb. 2026 Owner Financials - EXR Chattanooga.xlsx,7214,Sep 2025,Fire Prevention (5670),0
Feb. 2026 Owner Financials - EXR Chattanooga.xlsx,7214,Oct 2025,Fire Prevention (5670),0
Feb. 2026 Owner Financials - EXR Chattanooga.xlsx,7214,Nov 2025,Fire Prevention (5670),0
Feb. 2026 Owner Financials - EXR Chattanooga.xlsx,7214,Dec 2025,Fire Prevention (5670),1779
Feb. 2026 Owner Financials - EXR Chattanooga.xlsx,7214,Jan 2026,Fire Prevention (5670),0
Feb. 2026 Owner Financials - EXR Chattanooga.xlsx,7214,Feb 2026,Fire Prevention (5670),611
Feb. 2026 Owner Financials - EXR Chattanooga.xlsx,7214,Feb 2025,Painting (5680),0
Feb. 2026 Owner Financials - EXR Chattanooga.xlsx,7214,Mar 2025,Painting (5680),0
Feb. 2026 Owner Financials - EXR Chattanooga.xlsx,7214,Apr 2025,Painting (5680),0
Feb. 2026 Owner Financials - EXR Chattanooga.xlsx,7214,May 2025,Painting (5680),0
Feb. 2026 Owner Financials - EXR Chattanooga.xlsx,7214,Jun 2025,Painting (5680),0
Feb. 2026 Owner Financials - EXR Chattanooga.xlsx,7214,Jul 2025,Painting (5680),0
Feb. 2026 Owner Financials - EXR Chattanooga.xlsx,7214,Aug 2025,Painting (5680),0
Feb. 2026 Owner Financials - EXR Chattanooga.xlsx,7214,Sep 2025,Painting (5680),0
Feb. 2026 Owner Financials - EXR Chattanooga.xlsx,7214,Oct 2025,Painting (5680),980
Feb. 2026 Owner Financials - EXR Chattanooga.xlsx,7214,Nov 2025,Painting (5680),0
Feb. 2026 Owner Financials - EXR Chattanooga.xlsx,7214,Dec 2025,Painting (5680),0
Feb. 2026 Owner Financials - EXR Chattanooga.xlsx,7214,Jan 2026,Painting (5680),0
Feb. 2026 Owner Financials - EXR Chattanooga.xlsx,7214,Feb 2026,Painting (5680),0
Feb. 2026 Owner Financials - EXR Chattanooga.xlsx,7214,Feb 2025,R&M,2469.13
Feb. 2026 Owner Financials - EXR Chattanooga.xlsx,7214,Mar 2025,R&M,2059.48
Feb. 2026 Owner Financials - EXR Chattanooga.xlsx,7214,Apr 2025,R&M,4484.8
Feb. 2026 Owner Financials - EXR Chattanooga.xlsx,7214,May 2025,R&M,3077.3
Feb. 2026 Owner Financials - EXR Chattanooga.xlsx,7214,Jun 2025,R&M,1563.94
Feb. 2026 Owner Financials - EXR Chattanooga.xlsx,7214,Jul 2025,R&M,2171.45
Feb. 2026 Owner Financials - EXR Chattanooga.xlsx,7214,Aug 2025,R&M,1067.23
Feb. 2026 Owner Financials - EXR Chattanooga.xlsx,7214,Sep 2025,R&M,1360.96
Feb. 2026 Owner Financials - EXR Chattanooga.xlsx,7214,Oct 2025,R&M,5495.53
Feb. 2026 Owner Financials - EXR Chattanooga.xlsx,7214,Nov 2025,R&M,2118.3
Feb. 2026 Owner Financials - EXR Chattanooga.xlsx,7214,Dec 2025,R&M,26467.49
Feb. 2026 Owner Financials - EXR Chattanooga.xlsx,7214,Jan 2026,R&M,2790.97
Feb. 2026 Owner Financials - EXR Chattanooga.xlsx,7214,Feb 2026,R&M,2912.85
Feb. 2026 Owner Financials - EXR Chattanooga.xlsx,7214,Feb 2025,Auction (5700),37
Feb. 2026 Owner Financials - EXR Chattanooga.xlsx,7214,Mar 2025,Auction (5700),37
Feb. 2026 Owner Financials - EXR Chattanooga.xlsx,7214,Apr 2025,Auction (5700),37
Feb. 2026 Owner Financials - EXR Chattanooga.xlsx,7214,May 2025,Auction (5700),37
Feb. 2026 Owner Financials - EXR Chattanooga.xlsx,7214,Jun 2025,Auction (5700),38.5
Feb. 2026 Owner Financials - EXR Chattanooga.xlsx,7214,Jul 2025,Auction (5700),0
Feb. 2026 Owner Financials - EXR Chattanooga.xlsx,7214,Aug 2025,Auction (5700),74
Feb. 2026 Owner Financials - EXR Chattanooga.xlsx,7214,Sep 2025,Auction (5700),37
Feb. 2026 Owner Financials - EXR Chattanooga.xlsx,7214,Oct 2025,Auction (5700),37
Feb. 2026 Owner Financials - EXR Chattanooga.xlsx,7214,Nov 2025,Auction (5700),37
Feb. 2026 Owner Financials - EXR Chattanooga.xlsx,7214,Dec 2025,Auction (5700),37
Feb. 2026 Owner Financials - EXR Chattanooga.xlsx,7214,Jan 2026,Auction (5700),37
Feb. 2026 Owner Financials - EXR Chattanooga.xlsx,7214,Feb 2026,Auction (5700),0
Feb. 2026 Owner Financials - EXR Chattanooga.xlsx,7214,Feb 2025,Auctioneer (5705),42.9
Feb. 2026 Owner Financials - EXR Chattanooga.xlsx,7214,Mar 2025,Auctioneer (5705),45.58
Feb. 2026 Owner Financials - EXR Chattanooga.xlsx,7214,Apr 2025,Auctioneer (5705),45.58
Feb. 2026 Owner Financials - EXR Chattanooga.xlsx,7214,May 2025,Auctioneer (5705),45.58
Feb. 2026 Owner Financials - EXR Chattanooga.xlsx,7214,Jun 2025,Auctioneer (5705),45.58
Feb. 2026 Owner Financials - EXR Chattanooga.xlsx,7214,Jul 2025,Auctioneer (5705),45.67
Feb. 2026 Owner Financials - EXR Chattanooga.xlsx,7214,Aug 2025,Auctioneer (5705),45.66
Feb. 2026 Owner Financials - EXR Chattanooga.xlsx,7214,Sep 2025,Auctioneer (5705),45.67
Feb. 2026 Owner Financials - EXR Chattanooga.xlsx,7214,Oct 2025,Auctioneer (5705),45.67
Feb. 2026 Owner Financials - EXR Chattanooga.xlsx,7214,Nov 2025,Auctioneer (5705),45.67
Feb. 2026 Owner Financials - EXR Chattanooga.xlsx,7214,Dec 2025,Auctioneer (5705),45.67
Feb. 2026 Owner Financials - EXR Chattanooga.xlsx,7214,Jan 2026,Auctioneer (5705),48.35
Feb. 2026 Owner Financials - EXR Chattanooga.xlsx,7214,Feb 2026,Auctioneer (5705),48.35
Feb. 2026 Owner Financials - EXR Chattanooga.xlsx,7214,Feb 2025,Resale Merchandise (5740),0
Feb. 2026 Owner Financials - EXR Chattanooga.xlsx,7214,Mar 2025,Resale Merchandise (5740),496.73
Feb. 2026 Owner Financials - EXR Chattanooga.xlsx,7214,Apr 2025,Resale Merchandise (5740),-466.59
Feb. 2026 Owner Financials - EXR Chattanooga.xlsx,7214,May 2025,Resale Merchandise (5740),466.59
Feb. 2026 Owner Financials - EXR Chattanooga.xlsx,7214,Jun 2025,Resale Merchandise (5740),0
Feb. 2026 Owner Financials - EXR Chattanooga.xlsx,7214,Jul 2025,Resale Merchandise (5740),0
Feb. 2026 Owner Financials - EXR Chattanooga.xlsx,7214,Aug 2025,Resale Merchandise (5740),0
Feb. 2026 Owner Financials - EXR Chattanooga.xlsx,7214,Sep 2025,Resale Merchandise (5740),193.51
Feb. 2026 Owner Financials - EXR Chattanooga.xlsx,7214,Oct 2025,Resale Merchandise (5740),0
Feb. 2026 Owner Financials - EXR Chattanooga.xlsx,7214,Nov 2025,Resale Merchandise (5740),0
Feb. 2026 Owner Financials - EXR Chattanooga.xlsx,7214,Dec 2025,Resale Merchandise (5740),0
Feb. 2026 Owner Financials - EXR Chattanooga.xlsx,7214,Jan 2026,Resale Merchandise (5740),0
Feb. 2026 Owner Financials - EXR Chattanooga.xlsx,7214,Feb 2026,Resale Merchandise (5740),0
Feb. 2026 Owner Financials - EXR Chattanooga.xlsx,7214,Feb 2025,Other,79.9
Feb. 2026 Owner Financials - EXR Chattanooga.xlsx,7214,Mar 2025,Other,579.31
Feb. 2026 Owner Financials - EXR Chattanooga.xlsx,7214,Apr 2025,Other,-384.01
Feb. 2026 Owner Financials - EXR Chattanooga.xlsx,7214,May 2025,Other,549.17
Feb. 2026 Owner Financials - EXR Chattanooga.xlsx,7214,Jun 2025,Other,84.08
Feb. 2026 Owner Financials - EXR Chattanooga.xlsx,7214,Jul 2025,Other,45.67
Feb. 2026 Owner Financials - EXR Chattanooga.xlsx,7214,Aug 2025,Other,119.66
Feb. 2026 Owner Financials - EXR Chattanooga.xlsx,7214,Sep 2025,Other,276.18
Feb. 2026 Owner Financials - EXR Chattanooga.xlsx,7214,Oct 2025,Other,82.67
Feb. 2026 Owner Financials - EXR Chattanooga.xlsx,7214,Nov 2025,Other,82.67
Feb. 2026 Owner Financials - EXR Chattanooga.xlsx,7214,Dec 2025,Other,82.67
Feb. 2026 Owner Financials - EXR Chattanooga.xlsx,7214,Jan 2026,Other,85.35
Feb. 2026 Owner Financials - EXR Chattanooga.xlsx,7214,Feb 2026,Other,48.35
Feb. 2026 Owner Financials - EXR Chattanooga.xlsx,7214,Feb 2025,Expense - Property,18078.31
Feb. 2026 Owner Financials - EXR Chattanooga.xlsx,7214,Mar 2025,Expense - Property,19081.74
Feb. 2026 Owner Financials - EXR Chattanooga.xlsx,7214,Apr 2025,Expense - Property,23761.99
Feb. 2026 Owner Financials - EXR Chattanooga.xlsx,7214,May 2025,Expense - Property,18915.34
Feb. 2026 Owner Financials - EXR Chattanooga.xlsx,7214,Jun 2025,Expense - Property,17075.79
Feb. 2026 Owner Financials - EXR Chattanooga.xlsx,7214,Jul 2025,Expense - Property,21862.87
Feb. 2026 Owner Financials - EXR Chattanooga.xlsx,7214,Aug 2025,Expense - Property,19320.31
Feb. 2026 Owner Financials - EXR Chattanooga.xlsx,7214,Sep 2025,Expense - Property,17869.23
Feb. 2026 Owner Financials - EXR Chattanooga.xlsx,7214,Oct 2025,Expense - Property,24205.25
Feb. 2026 Owner Financials - EXR Chattanooga.xlsx,7214,Nov 2025,Expense - Property,18193.11
Feb. 2026 Owner Financials - EXR Chattanooga.xlsx,7214,Dec 2025,Expense - Property,43178.54
Feb. 2026 Owner Financials - EXR Chattanooga.xlsx,7214,Jan 2026,Expense - Property,24969.89
Feb. 2026 Owner Financials - EXR Chattanooga.xlsx,7214,Feb 2026,Expense - Property,20219.75
Feb. 2026 Owner Financials - EXR Chattanooga.xlsx,7214,Feb 2025,Net Operating Income,46210.73
Feb. 2026 Owner Financials - EXR Chattanooga.xlsx,7214,Mar 2025,Net Operating Income,47501.99
Feb. 2026 Owner Financials - EXR Chattanooga.xlsx,7214,Apr 2025,Net Operating Income,44898.03
Feb. 2026 Owner Financials - EXR Chattanooga.xlsx,7214,May 2025,Net Operating Income,50867.32
Feb. 2026 Owner Financials - EXR Chattanooga.xlsx,7214,Jun 2025,Net Operating Income,57207.53
Feb. 2026 Owner Financials - EXR Chattanooga.xlsx,7214,Jul 2025,Net Operating Income,54506.07
Feb. 2026 Owner Financials - EXR Chattanooga.xlsx,7214,Aug 2025,Net Operating Income,59302.72
Feb. 2026 Owner Financials - EXR Chattanooga.xlsx,7214,Sep 2025,Net Operating Income,59331.87
Feb. 2026 Owner Financials - EXR Chattanooga.xlsx,7214,Oct 2025,Net Operating Income,54232.91
Feb. 2026 Owner Financials - EXR Chattanooga.xlsx,7214,Nov 2025,Net Operating Income,60136.44
Feb. 2026 Owner Financials - EXR Chattanooga.xlsx,7214,Dec 2025,Net Operating Income,35147.04
Feb. 2026 Owner Financials - EXR Chattanooga.xlsx,7214,Jan 2026,Net Operating Income,55833.4
Feb. 2026 Owner Financials - EXR Chattanooga.xlsx,7214,Feb 2026,Net Operating Income,62560.31
